(logging to /home/jag/payment-processor-research/process_split_OLD_train.log)

##### SPLIT = train #####

=== equifax/train ===
[equifax/train]  phase 1: map + preprocess (582 chunks) -> /home/jag/payment-processor-research/payment_processing_research_data/equifax/train/normalized_old
  saved 1/582 normalized -> /home/jag/payment-processor-research/payment_processing_research_data/equifax/train/normalized_old/part-00000.parquet
  saved 2/582 normalized -> /home/jag/payment-processor-research/payment_processing_research_data/equifax/train/normalized_old/part-00001.parquet
  saved 3/582 normalized -> /home/jag/payment-processor-research/payment_processing_research_data/equifax/train/normalized_old/part-00002.parquet
  saved 4/582 normalized -> /home/jag/payment-processor-research/payment_processing_research_data/equifax/train/normalized_old/part-00003.parquet
  saved 5/582 normalized -> /home/jag/payment-processor-research/payment_processing_research_data/equifax/train/normalized_old/part-00004.parquet
  saved 6/582 normalized -> /home/jag/payment-processor-research/payment_processing_research_data/equifax/train/normalized_old/part-00005.parquet
  saved 7/582 normalized -> /home/jag/payment-processor-research/payment_processing_research_data/equifax/train/normalized_old/part-00006.parquet
  saved 8/582 normalized -> /home/jag/payment-processor-research/payment_processing_research_data/equifax/train/normalized_old/part-00007.parquet
  saved 9/582 normalized -> /home/jag/payment-processor-research/payment_processing_research_data/equifax/train/normalized_old/part-00008.parquet
  saved 10/582 normalized -> /home/jag/payment-processor-research/payment_processing_research_data/equifax/train/normalized_old/part-00009.parquet
  saved 11/582 normalized -> /home/jag/payment-processor-research/payment_processing_research_data/equifax/train/normalized_old/part-00010.parquet
  saved 12/582 normalized -> /home/jag/payment-processor-research/payment_processing_research_data/equifax/train/normalized_old/part-00011.parquet
  saved 13/582 normalized -> /home/jag/payment-processor-research/payment_processing_research_data/equifax/train/normalized_old/part-00012.parquet
  saved 14/582 normalized -> /home/jag/payment-processor-research/payment_processing_research_data/equifax/train/normalized_old/part-00013.parquet
  saved 15/582 normalized -> /home/jag/payment-processor-research/payment_processing_research_data/equifax/train/normalized_old/part-00014.parquet
  saved 16/582 normalized -> /home/jag/payment-processor-research/payment_processing_research_data/equifax/train/normalized_old/part-00015.parquet
  saved 17/582 normalized -> /home/jag/payment-processor-research/payment_processing_research_data/equifax/train/normalized_old/part-00016.parquet
  saved 18/582 normalized -> /home/jag/payment-processor-research/payment_processing_research_data/equifax/train/normalized_old/part-00017.parquet
  saved 19/582 normalized -> /home/jag/payment-processor-research/payment_processing_research_data/equifax/train/normalized_old/part-00018.parquet
  saved 20/582 normalized -> /home/jag/payment-processor-research/payment_processing_research_data/equifax/train/normalized_old/part-00019.parquet
  saved 21/582 normalized -> /home/jag/payment-processor-research/payment_processing_research_data/equifax/train/normalized_old/part-00020.parquet
  saved 22/582 normalized -> /home/jag/payment-processor-research/payment_processing_research_data/equifax/train/normalized_old/part-00021.parquet
  saved 23/582 normalized -> /home/jag/payment-processor-research/payment_processing_research_data/equifax/train/normalized_old/part-00022.parquet
  saved 24/582 normalized -> /home/jag/payment-processor-research/payment_processing_research_data/equifax/train/normalized_old/part-00023.parquet
  saved 25/582 normalized -> /home/jag/payment-processor-research/payment_processing_research_data/equifax/train/normalized_old/part-00024.parquet
  saved 26/582 normalized -> /home/jag/payment-processor-research/payment_processing_research_data/equifax/train/normalized_old/part-00025.parquet
  saved 27/582 normalized -> /home/jag/payment-processor-research/payment_processing_research_data/equifax/train/normalized_old/part-00026.parquet
  saved 28/582 normalized -> /home/jag/payment-processor-research/payment_processing_research_data/equifax/train/normalized_old/part-00027.parquet
  saved 29/582 normalized -> /home/jag/payment-processor-research/payment_processing_research_data/equifax/train/normalized_old/part-00028.parquet
  saved 30/582 normalized -> /home/jag/payment-processor-research/payment_processing_research_data/equifax/train/normalized_old/part-00029.parquet
  saved 31/582 normalized -> /home/jag/payment-processor-research/payment_processing_research_data/equifax/train/normalized_old/part-00030.parquet
  saved 32/582 normalized -> /home/jag/payment-processor-research/payment_processing_research_data/equifax/train/normalized_old/part-00031.parquet
  saved 33/582 normalized -> /home/jag/payment-processor-research/payment_processing_research_data/equifax/train/normalized_old/part-00032.parquet
  saved 34/582 normalized -> /home/jag/payment-processor-research/payment_processing_research_data/equifax/train/normalized_old/part-00033.parquet
  saved 35/582 normalized -> /home/jag/payment-processor-research/payment_processing_research_data/equifax/train/normalized_old/part-00034.parquet
  saved 36/582 normalized -> /home/jag/payment-processor-research/payment_processing_research_data/equifax/train/normalized_old/part-00035.parquet
  saved 37/582 normalized -> /home/jag/payment-processor-research/payment_processing_research_data/equifax/train/normalized_old/part-00036.parquet
  saved 38/582 normalized -> /home/jag/payment-processor-research/payment_processing_research_data/equifax/train/normalized_old/part-00037.parquet
  saved 39/582 normalized -> /home/jag/payment-processor-research/payment_processing_research_data/equifax/train/normalized_old/part-00038.parquet
  saved 40/582 normalized -> /home/jag/payment-processor-research/payment_processing_research_data/equifax/train/normalized_old/part-00039.parquet
  saved 41/582 normalized -> /home/jag/payment-processor-research/payment_processing_research_data/equifax/train/normalized_old/part-00040.parquet
  saved 42/582 normalized -> /home/jag/payment-processor-research/payment_processing_research_data/equifax/train/normalized_old/part-00041.parquet
  saved 43/582 normalized -> /home/jag/payment-processor-research/payment_processing_research_data/equifax/train/normalized_old/part-00042.parquet
  saved 44/582 normalized -> /home/jag/payment-processor-research/payment_processing_research_data/equifax/train/normalized_old/part-00043.parquet
  saved 45/582 normalized -> /home/jag/payment-processor-research/payment_processing_research_data/equifax/train/normalized_old/part-00044.parquet
  saved 46/582 normalized -> /home/jag/payment-processor-research/payment_processing_research_data/equifax/train/normalized_old/part-00045.parquet
  saved 47/582 normalized -> /home/jag/payment-processor-research/payment_processing_research_data/equifax/train/normalized_old/part-00046.parquet
  saved 48/582 normalized -> /home/jag/payment-processor-research/payment_processing_research_data/equifax/train/normalized_old/part-00047.parquet
  saved 49/582 normalized -> /home/jag/payment-processor-research/payment_processing_research_data/equifax/train/normalized_old/part-00048.parquet
  saved 50/582 normalized -> /home/jag/payment-processor-research/payment_processing_research_data/equifax/train/normalized_old/part-00049.parquet
  saved 51/582 normalized -> /home/jag/payment-processor-research/payment_processing_research_data/equifax/train/normalized_old/part-00050.parquet
  saved 52/582 normalized -> /home/jag/payment-processor-research/payment_processing_research_data/equifax/train/normalized_old/part-00051.parquet
  saved 53/582 normalized -> /home/jag/payment-processor-research/payment_processing_research_data/equifax/train/normalized_old/part-00052.parquet
  saved 54/582 normalized -> /home/jag/payment-processor-research/payment_processing_research_data/equifax/train/normalized_old/part-00053.parquet
  saved 55/582 normalized -> /home/jag/payment-processor-research/payment_processing_research_data/equifax/train/normalized_old/part-00054.parquet
  saved 56/582 normalized -> /home/jag/payment-processor-research/payment_processing_research_data/equifax/train/normalized_old/part-00055.parquet
  saved 57/582 normalized -> /home/jag/payment-processor-research/payment_processing_research_data/equifax/train/normalized_old/part-00056.parquet
  saved 58/582 normalized -> /home/jag/payment-processor-research/payment_processing_research_data/equifax/train/normalized_old/part-00057.parquet
  saved 59/582 normalized -> /home/jag/payment-processor-research/payment_processing_research_data/equifax/train/normalized_old/part-00058.parquet
  saved 60/582 normalized -> /home/jag/payment-processor-research/payment_processing_research_data/equifax/train/normalized_old/part-00059.parquet
  saved 61/582 normalized -> /home/jag/payment-processor-research/payment_processing_research_data/equifax/train/normalized_old/part-00060.parquet
  saved 62/582 normalized -> /home/jag/payment-processor-research/payment_processing_research_data/equifax/train/normalized_old/part-00061.parquet
  saved 63/582 normalized -> /home/jag/payment-processor-research/payment_processing_research_data/equifax/train/normalized_old/part-00062.parquet
  saved 64/582 normalized -> /home/jag/payment-processor-research/payment_processing_research_data/equifax/train/normalized_old/part-00063.parquet
  saved 65/582 normalized -> /home/jag/payment-processor-research/payment_processing_research_data/equifax/train/normalized_old/part-00064.parquet
  saved 66/582 normalized -> /home/jag/payment-processor-research/payment_processing_research_data/equifax/train/normalized_old/part-00065.parquet
  saved 67/582 normalized -> /home/jag/payment-processor-research/payment_processing_research_data/equifax/train/normalized_old/part-00066.parquet
  saved 68/582 normalized -> /home/jag/payment-processor-research/payment_processing_research_data/equifax/train/normalized_old/part-00067.parquet
  saved 69/582 normalized -> /home/jag/payment-processor-research/payment_processing_research_data/equifax/train/normalized_old/part-00068.parquet
  saved 70/582 normalized -> /home/jag/payment-processor-research/payment_processing_research_data/equifax/train/normalized_old/part-00069.parquet
  saved 71/582 normalized -> /home/jag/payment-processor-research/payment_processing_research_data/equifax/train/normalized_old/part-00070.parquet
  saved 72/582 normalized -> /home/jag/payment-processor-research/payment_processing_research_data/equifax/train/normalized_old/part-00071.parquet
  saved 73/582 normalized -> /home/jag/payment-processor-research/payment_processing_research_data/equifax/train/normalized_old/part-00072.parquet
  saved 74/582 normalized -> /home/jag/payment-processor-research/payment_processing_research_data/equifax/train/normalized_old/part-00073.parquet
  saved 75/582 normalized -> /home/jag/payment-processor-research/payment_processing_research_data/equifax/train/normalized_old/part-00074.parquet
  saved 76/582 normalized -> /home/jag/payment-processor-research/payment_processing_research_data/equifax/train/normalized_old/part-00075.parquet
  saved 77/582 normalized -> /home/jag/payment-processor-research/payment_processing_research_data/equifax/train/normalized_old/part-00076.parquet
  saved 78/582 normalized -> /home/jag/payment-processor-research/payment_processing_research_data/equifax/train/normalized_old/part-00077.parquet
  saved 79/582 normalized -> /home/jag/payment-processor-research/payment_processing_research_data/equifax/train/normalized_old/part-00078.parquet
  saved 80/582 normalized -> /home/jag/payment-processor-research/payment_processing_research_data/equifax/train/normalized_old/part-00079.parquet
  saved 81/582 normalized -> /home/jag/payment-processor-research/payment_processing_research_data/equifax/train/normalized_old/part-00080.parquet
  saved 82/582 normalized -> /home/jag/payment-processor-research/payment_processing_research_data/equifax/train/normalized_old/part-00081.parquet
  saved 83/582 normalized -> /home/jag/payment-processor-research/payment_processing_research_data/equifax/train/normalized_old/part-00082.parquet
  saved 84/582 normalized -> /home/jag/payment-processor-research/payment_processing_research_data/equifax/train/normalized_old/part-00083.parquet
  saved 85/582 normalized -> /home/jag/payment-processor-research/payment_processing_research_data/equifax/train/normalized_old/part-00084.parquet
  saved 86/582 normalized -> /home/jag/payment-processor-research/payment_processing_research_data/equifax/train/normalized_old/part-00085.parquet
  saved 87/582 normalized -> /home/jag/payment-processor-research/payment_processing_research_data/equifax/train/normalized_old/part-00086.parquet
  saved 88/582 normalized -> /home/jag/payment-processor-research/payment_processing_research_data/equifax/train/normalized_old/part-00087.parquet
  saved 89/582 normalized -> /home/jag/payment-processor-research/payment_processing_research_data/equifax/train/normalized_old/part-00088.parquet
  saved 90/582 normalized -> /home/jag/payment-processor-research/payment_processing_research_data/equifax/train/normalized_old/part-00089.parquet
  saved 91/582 normalized -> /home/jag/payment-processor-research/payment_processing_research_data/equifax/train/normalized_old/part-00090.parquet
  saved 92/582 normalized -> /home/jag/payment-processor-research/payment_processing_research_data/equifax/train/normalized_old/part-00091.parquet
  saved 93/582 normalized -> /home/jag/payment-processor-research/payment_processing_research_data/equifax/train/normalized_old/part-00092.parquet
  saved 94/582 normalized -> /home/jag/payment-processor-research/payment_processing_research_data/equifax/train/normalized_old/part-00093.parquet
  saved 95/582 normalized -> /home/jag/payment-processor-research/payment_processing_research_data/equifax/train/normalized_old/part-00094.parquet
  saved 96/582 normalized -> /home/jag/payment-processor-research/payment_processing_research_data/equifax/train/normalized_old/part-00095.parquet
  saved 97/582 normalized -> /home/jag/payment-processor-research/payment_processing_research_data/equifax/train/normalized_old/part-00096.parquet
  saved 98/582 normalized -> /home/jag/payment-processor-research/payment_processing_research_data/equifax/train/normalized_old/part-00097.parquet
  saved 99/582 normalized -> /home/jag/payment-processor-research/payment_processing_research_data/equifax/train/normalized_old/part-00098.parquet
  saved 100/582 normalized -> /home/jag/payment-processor-research/payment_processing_research_data/equifax/train/normalized_old/part-00099.parquet
  saved 101/582 normalized -> /home/jag/payment-processor-research/payment_processing_research_data/equifax/train/normalized_old/part-00100.parquet
  saved 102/582 normalized -> /home/jag/payment-processor-research/payment_processing_research_data/equifax/train/normalized_old/part-00101.parquet
  saved 103/582 normalized -> /home/jag/payment-processor-research/payment_processing_research_data/equifax/train/normalized_old/part-00102.parquet
  saved 104/582 normalized -> /home/jag/payment-processor-research/payment_processing_research_data/equifax/train/normalized_old/part-00103.parquet
  saved 105/582 normalized -> /home/jag/payment-processor-research/payment_processing_research_data/equifax/train/normalized_old/part-00104.parquet
  saved 106/582 normalized -> /home/jag/payment-processor-research/payment_processing_research_data/equifax/train/normalized_old/part-00105.parquet
  saved 107/582 normalized -> /home/jag/payment-processor-research/payment_processing_research_data/equifax/train/normalized_old/part-00106.parquet
  saved 108/582 normalized -> /home/jag/payment-processor-research/payment_processing_research_data/equifax/train/normalized_old/part-00107.parquet
  saved 109/582 normalized -> /home/jag/payment-processor-research/payment_processing_research_data/equifax/train/normalized_old/part-00108.parquet
  saved 110/582 normalized -> /home/jag/payment-processor-research/payment_processing_research_data/equifax/train/normalized_old/part-00109.parquet
  saved 111/582 normalized -> /home/jag/payment-processor-research/payment_processing_research_data/equifax/train/normalized_old/part-00110.parquet
  saved 112/582 normalized -> /home/jag/payment-processor-research/payment_processing_research_data/equifax/train/normalized_old/part-00111.parquet
  saved 113/582 normalized -> /home/jag/payment-processor-research/payment_processing_research_data/equifax/train/normalized_old/part-00112.parquet
  saved 114/582 normalized -> /home/jag/payment-processor-research/payment_processing_research_data/equifax/train/normalized_old/part-00113.parquet
  saved 115/582 normalized -> /home/jag/payment-processor-research/payment_processing_research_data/equifax/train/normalized_old/part-00114.parquet
  saved 116/582 normalized -> /home/jag/payment-processor-research/payment_processing_research_data/equifax/train/normalized_old/part-00115.parquet
  saved 117/582 normalized -> /home/jag/payment-processor-research/payment_processing_research_data/equifax/train/normalized_old/part-00116.parquet
  saved 118/582 normalized -> /home/jag/payment-processor-research/payment_processing_research_data/equifax/train/normalized_old/part-00117.parquet
  saved 119/582 normalized -> /home/jag/payment-processor-research/payment_processing_research_data/equifax/train/normalized_old/part-00118.parquet
  saved 120/582 normalized -> /home/jag/payment-processor-research/payment_processing_research_data/equifax/train/normalized_old/part-00119.parquet
  saved 121/582 normalized -> /home/jag/payment-processor-research/payment_processing_research_data/equifax/train/normalized_old/part-00120.parquet
  saved 122/582 normalized -> /home/jag/payment-processor-research/payment_processing_research_data/equifax/train/normalized_old/part-00121.parquet
  saved 123/582 normalized -> /home/jag/payment-processor-research/payment_processing_research_data/equifax/train/normalized_old/part-00122.parquet
  saved 124/582 normalized -> /home/jag/payment-processor-research/payment_processing_research_data/equifax/train/normalized_old/part-00123.parquet
  saved 125/582 normalized -> /home/jag/payment-processor-research/payment_processing_research_data/equifax/train/normalized_old/part-00124.parquet
  saved 126/582 normalized -> /home/jag/payment-processor-research/payment_processing_research_data/equifax/train/normalized_old/part-00125.parquet
  saved 127/582 normalized -> /home/jag/payment-processor-research/payment_processing_research_data/equifax/train/normalized_old/part-00126.parquet
  saved 128/582 normalized -> /home/jag/payment-processor-research/payment_processing_research_data/equifax/train/normalized_old/part-00127.parquet
  saved 129/582 normalized -> /home/jag/payment-processor-research/payment_processing_research_data/equifax/train/normalized_old/part-00128.parquet
  saved 130/582 normalized -> /home/jag/payment-processor-research/payment_processing_research_data/equifax/train/normalized_old/part-00129.parquet
  saved 131/582 normalized -> /home/jag/payment-processor-research/payment_processing_research_data/equifax/train/normalized_old/part-00130.parquet
  saved 132/582 normalized -> /home/jag/payment-processor-research/payment_processing_research_data/equifax/train/normalized_old/part-00131.parquet
  saved 133/582 normalized -> /home/jag/payment-processor-research/payment_processing_research_data/equifax/train/normalized_old/part-00132.parquet
  saved 134/582 normalized -> /home/jag/payment-processor-research/payment_processing_research_data/equifax/train/normalized_old/part-00133.parquet
  saved 135/582 normalized -> /home/jag/payment-processor-research/payment_processing_research_data/equifax/train/normalized_old/part-00134.parquet
  saved 136/582 normalized -> /home/jag/payment-processor-research/payment_processing_research_data/equifax/train/normalized_old/part-00135.parquet
  saved 137/582 normalized -> /home/jag/payment-processor-research/payment_processing_research_data/equifax/train/normalized_old/part-00136.parquet
  saved 138/582 normalized -> /home/jag/payment-processor-research/payment_processing_research_data/equifax/train/normalized_old/part-00137.parquet
  saved 139/582 normalized -> /home/jag/payment-processor-research/payment_processing_research_data/equifax/train/normalized_old/part-00138.parquet
  saved 140/582 normalized -> /home/jag/payment-processor-research/payment_processing_research_data/equifax/train/normalized_old/part-00139.parquet
  saved 141/582 normalized -> /home/jag/payment-processor-research/payment_processing_research_data/equifax/train/normalized_old/part-00140.parquet
  saved 142/582 normalized -> /home/jag/payment-processor-research/payment_processing_research_data/equifax/train/normalized_old/part-00141.parquet
  saved 143/582 normalized -> /home/jag/payment-processor-research/payment_processing_research_data/equifax/train/normalized_old/part-00142.parquet
  saved 144/582 normalized -> /home/jag/payment-processor-research/payment_processing_research_data/equifax/train/normalized_old/part-00143.parquet
  saved 145/582 normalized -> /home/jag/payment-processor-research/payment_processing_research_data/equifax/train/normalized_old/part-00144.parquet
  saved 146/582 normalized -> /home/jag/payment-processor-research/payment_processing_research_data/equifax/train/normalized_old/part-00145.parquet
  saved 147/582 normalized -> /home/jag/payment-processor-research/payment_processing_research_data/equifax/train/normalized_old/part-00146.parquet
  saved 148/582 normalized -> /home/jag/payment-processor-research/payment_processing_research_data/equifax/train/normalized_old/part-00147.parquet
  saved 149/582 normalized -> /home/jag/payment-processor-research/payment_processing_research_data/equifax/train/normalized_old/part-00148.parquet
  saved 150/582 normalized -> /home/jag/payment-processor-research/payment_processing_research_data/equifax/train/normalized_old/part-00149.parquet
  saved 151/582 normalized -> /home/jag/payment-processor-research/payment_processing_research_data/equifax/train/normalized_old/part-00150.parquet
  saved 152/582 normalized -> /home/jag/payment-processor-research/payment_processing_research_data/equifax/train/normalized_old/part-00151.parquet
  saved 153/582 normalized -> /home/jag/payment-processor-research/payment_processing_research_data/equifax/train/normalized_old/part-00152.parquet
  saved 154/582 normalized -> /home/jag/payment-processor-research/payment_processing_research_data/equifax/train/normalized_old/part-00153.parquet
  saved 155/582 normalized -> /home/jag/payment-processor-research/payment_processing_research_data/equifax/train/normalized_old/part-00154.parquet
  saved 156/582 normalized -> /home/jag/payment-processor-research/payment_processing_research_data/equifax/train/normalized_old/part-00155.parquet
  saved 157/582 normalized -> /home/jag/payment-processor-research/payment_processing_research_data/equifax/train/normalized_old/part-00156.parquet
  saved 158/582 normalized -> /home/jag/payment-processor-research/payment_processing_research_data/equifax/train/normalized_old/part-00157.parquet
  saved 159/582 normalized -> /home/jag/payment-processor-research/payment_processing_research_data/equifax/train/normalized_old/part-00158.parquet
  saved 160/582 normalized -> /home/jag/payment-processor-research/payment_processing_research_data/equifax/train/normalized_old/part-00159.parquet
  saved 161/582 normalized -> /home/jag/payment-processor-research/payment_processing_research_data/equifax/train/normalized_old/part-00160.parquet
  saved 162/582 normalized -> /home/jag/payment-processor-research/payment_processing_research_data/equifax/train/normalized_old/part-00161.parquet
  saved 163/582 normalized -> /home/jag/payment-processor-research/payment_processing_research_data/equifax/train/normalized_old/part-00162.parquet
  saved 164/582 normalized -> /home/jag/payment-processor-research/payment_processing_research_data/equifax/train/normalized_old/part-00163.parquet
  saved 165/582 normalized -> /home/jag/payment-processor-research/payment_processing_research_data/equifax/train/normalized_old/part-00164.parquet
  saved 166/582 normalized -> /home/jag/payment-processor-research/payment_processing_research_data/equifax/train/normalized_old/part-00165.parquet
  saved 167/582 normalized -> /home/jag/payment-processor-research/payment_processing_research_data/equifax/train/normalized_old/part-00166.parquet
  saved 168/582 normalized -> /home/jag/payment-processor-research/payment_processing_research_data/equifax/train/normalized_old/part-00167.parquet
  saved 169/582 normalized -> /home/jag/payment-processor-research/payment_processing_research_data/equifax/train/normalized_old/part-00168.parquet
  saved 170/582 normalized -> /home/jag/payment-processor-research/payment_processing_research_data/equifax/train/normalized_old/part-00169.parquet
  saved 171/582 normalized -> /home/jag/payment-processor-research/payment_processing_research_data/equifax/train/normalized_old/part-00170.parquet
  saved 172/582 normalized -> /home/jag/payment-processor-research/payment_processing_research_data/equifax/train/normalized_old/part-00171.parquet
  saved 173/582 normalized -> /home/jag/payment-processor-research/payment_processing_research_data/equifax/train/normalized_old/part-00172.parquet
  saved 174/582 normalized -> /home/jag/payment-processor-research/payment_processing_research_data/equifax/train/normalized_old/part-00173.parquet
  saved 175/582 normalized -> /home/jag/payment-processor-research/payment_processing_research_data/equifax/train/normalized_old/part-00174.parquet
  saved 176/582 normalized -> /home/jag/payment-processor-research/payment_processing_research_data/equifax/train/normalized_old/part-00175.parquet
  saved 177/582 normalized -> /home/jag/payment-processor-research/payment_processing_research_data/equifax/train/normalized_old/part-00176.parquet
  saved 178/582 normalized -> /home/jag/payment-processor-research/payment_processing_research_data/equifax/train/normalized_old/part-00177.parquet
  saved 179/582 normalized -> /home/jag/payment-processor-research/payment_processing_research_data/equifax/train/normalized_old/part-00178.parquet
  saved 180/582 normalized -> /home/jag/payment-processor-research/payment_processing_research_data/equifax/train/normalized_old/part-00179.parquet
  saved 181/582 normalized -> /home/jag/payment-processor-research/payment_processing_research_data/equifax/train/normalized_old/part-00180.parquet
  saved 182/582 normalized -> /home/jag/payment-processor-research/payment_processing_research_data/equifax/train/normalized_old/part-00181.parquet
  saved 183/582 normalized -> /home/jag/payment-processor-research/payment_processing_research_data/equifax/train/normalized_old/part-00182.parquet
  saved 184/582 normalized -> /home/jag/payment-processor-research/payment_processing_research_data/equifax/train/normalized_old/part-00183.parquet
  saved 185/582 normalized -> /home/jag/payment-processor-research/payment_processing_research_data/equifax/train/normalized_old/part-00184.parquet
  saved 186/582 normalized -> /home/jag/payment-processor-research/payment_processing_research_data/equifax/train/normalized_old/part-00185.parquet
  saved 187/582 normalized -> /home/jag/payment-processor-research/payment_processing_research_data/equifax/train/normalized_old/part-00186.parquet
  saved 188/582 normalized -> /home/jag/payment-processor-research/payment_processing_research_data/equifax/train/normalized_old/part-00187.parquet
  saved 189/582 normalized -> /home/jag/payment-processor-research/payment_processing_research_data/equifax/train/normalized_old/part-00188.parquet
  saved 190/582 normalized -> /home/jag/payment-processor-research/payment_processing_research_data/equifax/train/normalized_old/part-00189.parquet
  saved 191/582 normalized -> /home/jag/payment-processor-research/payment_processing_research_data/equifax/train/normalized_old/part-00190.parquet
  saved 192/582 normalized -> /home/jag/payment-processor-research/payment_processing_research_data/equifax/train/normalized_old/part-00191.parquet
  saved 193/582 normalized -> /home/jag/payment-processor-research/payment_processing_research_data/equifax/train/normalized_old/part-00192.parquet
  saved 194/582 normalized -> /home/jag/payment-processor-research/payment_processing_research_data/equifax/train/normalized_old/part-00193.parquet
  saved 195/582 normalized -> /home/jag/payment-processor-research/payment_processing_research_data/equifax/train/normalized_old/part-00194.parquet
  saved 196/582 normalized -> /home/jag/payment-processor-research/payment_processing_research_data/equifax/train/normalized_old/part-00195.parquet
  saved 197/582 normalized -> /home/jag/payment-processor-research/payment_processing_research_data/equifax/train/normalized_old/part-00196.parquet
  saved 198/582 normalized -> /home/jag/payment-processor-research/payment_processing_research_data/equifax/train/normalized_old/part-00197.parquet
  saved 199/582 normalized -> /home/jag/payment-processor-research/payment_processing_research_data/equifax/train/normalized_old/part-00198.parquet
  saved 200/582 normalized -> /home/jag/payment-processor-research/payment_processing_research_data/equifax/train/normalized_old/part-00199.parquet
  saved 201/582 normalized -> /home/jag/payment-processor-research/payment_processing_research_data/equifax/train/normalized_old/part-00200.parquet
  saved 202/582 normalized -> /home/jag/payment-processor-research/payment_processing_research_data/equifax/train/normalized_old/part-00201.parquet
  saved 203/582 normalized -> /home/jag/payment-processor-research/payment_processing_research_data/equifax/train/normalized_old/part-00202.parquet
  saved 204/582 normalized -> /home/jag/payment-processor-research/payment_processing_research_data/equifax/train/normalized_old/part-00203.parquet
  saved 205/582 normalized -> /home/jag/payment-processor-research/payment_processing_research_data/equifax/train/normalized_old/part-00204.parquet
  saved 206/582 normalized -> /home/jag/payment-processor-research/payment_processing_research_data/equifax/train/normalized_old/part-00205.parquet
  saved 207/582 normalized -> /home/jag/payment-processor-research/payment_processing_research_data/equifax/train/normalized_old/part-00206.parquet
  saved 208/582 normalized -> /home/jag/payment-processor-research/payment_processing_research_data/equifax/train/normalized_old/part-00207.parquet
  saved 209/582 normalized -> /home/jag/payment-processor-research/payment_processing_research_data/equifax/train/normalized_old/part-00208.parquet
  saved 210/582 normalized -> /home/jag/payment-processor-research/payment_processing_research_data/equifax/train/normalized_old/part-00209.parquet
  saved 211/582 normalized -> /home/jag/payment-processor-research/payment_processing_research_data/equifax/train/normalized_old/part-00210.parquet
  saved 212/582 normalized -> /home/jag/payment-processor-research/payment_processing_research_data/equifax/train/normalized_old/part-00211.parquet
  saved 213/582 normalized -> /home/jag/payment-processor-research/payment_processing_research_data/equifax/train/normalized_old/part-00212.parquet
  saved 214/582 normalized -> /home/jag/payment-processor-research/payment_processing_research_data/equifax/train/normalized_old/part-00213.parquet
  saved 215/582 normalized -> /home/jag/payment-processor-research/payment_processing_research_data/equifax/train/normalized_old/part-00214.parquet
  saved 216/582 normalized -> /home/jag/payment-processor-research/payment_processing_research_data/equifax/train/normalized_old/part-00215.parquet
  saved 217/582 normalized -> /home/jag/payment-processor-research/payment_processing_research_data/equifax/train/normalized_old/part-00216.parquet
  saved 218/582 normalized -> /home/jag/payment-processor-research/payment_processing_research_data/equifax/train/normalized_old/part-00217.parquet
  saved 219/582 normalized -> /home/jag/payment-processor-research/payment_processing_research_data/equifax/train/normalized_old/part-00218.parquet
  saved 220/582 normalized -> /home/jag/payment-processor-research/payment_processing_research_data/equifax/train/normalized_old/part-00219.parquet
  saved 221/582 normalized -> /home/jag/payment-processor-research/payment_processing_research_data/equifax/train/normalized_old/part-00220.parquet
  saved 222/582 normalized -> /home/jag/payment-processor-research/payment_processing_research_data/equifax/train/normalized_old/part-00221.parquet
  saved 223/582 normalized -> /home/jag/payment-processor-research/payment_processing_research_data/equifax/train/normalized_old/part-00222.parquet
  saved 224/582 normalized -> /home/jag/payment-processor-research/payment_processing_research_data/equifax/train/normalized_old/part-00223.parquet
  saved 225/582 normalized -> /home/jag/payment-processor-research/payment_processing_research_data/equifax/train/normalized_old/part-00224.parquet
  saved 226/582 normalized -> /home/jag/payment-processor-research/payment_processing_research_data/equifax/train/normalized_old/part-00225.parquet
  saved 227/582 normalized -> /home/jag/payment-processor-research/payment_processing_research_data/equifax/train/normalized_old/part-00226.parquet
  saved 228/582 normalized -> /home/jag/payment-processor-research/payment_processing_research_data/equifax/train/normalized_old/part-00227.parquet
  saved 229/582 normalized -> /home/jag/payment-processor-research/payment_processing_research_data/equifax/train/normalized_old/part-00228.parquet
  saved 230/582 normalized -> /home/jag/payment-processor-research/payment_processing_research_data/equifax/train/normalized_old/part-00229.parquet
  saved 231/582 normalized -> /home/jag/payment-processor-research/payment_processing_research_data/equifax/train/normalized_old/part-00230.parquet
  saved 232/582 normalized -> /home/jag/payment-processor-research/payment_processing_research_data/equifax/train/normalized_old/part-00231.parquet
  saved 233/582 normalized -> /home/jag/payment-processor-research/payment_processing_research_data/equifax/train/normalized_old/part-00232.parquet
  saved 234/582 normalized -> /home/jag/payment-processor-research/payment_processing_research_data/equifax/train/normalized_old/part-00233.parquet
  saved 235/582 normalized -> /home/jag/payment-processor-research/payment_processing_research_data/equifax/train/normalized_old/part-00234.parquet
  saved 236/582 normalized -> /home/jag/payment-processor-research/payment_processing_research_data/equifax/train/normalized_old/part-00235.parquet
  saved 237/582 normalized -> /home/jag/payment-processor-research/payment_processing_research_data/equifax/train/normalized_old/part-00236.parquet
  saved 238/582 normalized -> /home/jag/payment-processor-research/payment_processing_research_data/equifax/train/normalized_old/part-00237.parquet
  saved 239/582 normalized -> /home/jag/payment-processor-research/payment_processing_research_data/equifax/train/normalized_old/part-00238.parquet
  saved 240/582 normalized -> /home/jag/payment-processor-research/payment_processing_research_data/equifax/train/normalized_old/part-00239.parquet
  saved 241/582 normalized -> /home/jag/payment-processor-research/payment_processing_research_data/equifax/train/normalized_old/part-00240.parquet
  saved 242/582 normalized -> /home/jag/payment-processor-research/payment_processing_research_data/equifax/train/normalized_old/part-00241.parquet
  saved 243/582 normalized -> /home/jag/payment-processor-research/payment_processing_research_data/equifax/train/normalized_old/part-00242.parquet
  saved 244/582 normalized -> /home/jag/payment-processor-research/payment_processing_research_data/equifax/train/normalized_old/part-00243.parquet
  saved 245/582 normalized -> /home/jag/payment-processor-research/payment_processing_research_data/equifax/train/normalized_old/part-00244.parquet
  saved 246/582 normalized -> /home/jag/payment-processor-research/payment_processing_research_data/equifax/train/normalized_old/part-00245.parquet
  saved 247/582 normalized -> /home/jag/payment-processor-research/payment_processing_research_data/equifax/train/normalized_old/part-00246.parquet
  saved 248/582 normalized -> /home/jag/payment-processor-research/payment_processing_research_data/equifax/train/normalized_old/part-00247.parquet
  saved 249/582 normalized -> /home/jag/payment-processor-research/payment_processing_research_data/equifax/train/normalized_old/part-00248.parquet
  saved 250/582 normalized -> /home/jag/payment-processor-research/payment_processing_research_data/equifax/train/normalized_old/part-00249.parquet
  saved 251/582 normalized -> /home/jag/payment-processor-research/payment_processing_research_data/equifax/train/normalized_old/part-00250.parquet
  saved 252/582 normalized -> /home/jag/payment-processor-research/payment_processing_research_data/equifax/train/normalized_old/part-00251.parquet
  saved 253/582 normalized -> /home/jag/payment-processor-research/payment_processing_research_data/equifax/train/normalized_old/part-00252.parquet
  saved 254/582 normalized -> /home/jag/payment-processor-research/payment_processing_research_data/equifax/train/normalized_old/part-00253.parquet
  saved 255/582 normalized -> /home/jag/payment-processor-research/payment_processing_research_data/equifax/train/normalized_old/part-00254.parquet
  saved 256/582 normalized -> /home/jag/payment-processor-research/payment_processing_research_data/equifax/train/normalized_old/part-00255.parquet
  saved 257/582 normalized -> /home/jag/payment-processor-research/payment_processing_research_data/equifax/train/normalized_old/part-00256.parquet
  saved 258/582 normalized -> /home/jag/payment-processor-research/payment_processing_research_data/equifax/train/normalized_old/part-00257.parquet
  saved 259/582 normalized -> /home/jag/payment-processor-research/payment_processing_research_data/equifax/train/normalized_old/part-00258.parquet
  saved 260/582 normalized -> /home/jag/payment-processor-research/payment_processing_research_data/equifax/train/normalized_old/part-00259.parquet
  saved 261/582 normalized -> /home/jag/payment-processor-research/payment_processing_research_data/equifax/train/normalized_old/part-00260.parquet
  saved 262/582 normalized -> /home/jag/payment-processor-research/payment_processing_research_data/equifax/train/normalized_old/part-00261.parquet
  saved 263/582 normalized -> /home/jag/payment-processor-research/payment_processing_research_data/equifax/train/normalized_old/part-00262.parquet
  saved 264/582 normalized -> /home/jag/payment-processor-research/payment_processing_research_data/equifax/train/normalized_old/part-00263.parquet
  saved 265/582 normalized -> /home/jag/payment-processor-research/payment_processing_research_data/equifax/train/normalized_old/part-00264.parquet
  saved 266/582 normalized -> /home/jag/payment-processor-research/payment_processing_research_data/equifax/train/normalized_old/part-00265.parquet
  saved 267/582 normalized -> /home/jag/payment-processor-research/payment_processing_research_data/equifax/train/normalized_old/part-00266.parquet
  saved 268/582 normalized -> /home/jag/payment-processor-research/payment_processing_research_data/equifax/train/normalized_old/part-00267.parquet
  saved 269/582 normalized -> /home/jag/payment-processor-research/payment_processing_research_data/equifax/train/normalized_old/part-00268.parquet
  saved 270/582 normalized -> /home/jag/payment-processor-research/payment_processing_research_data/equifax/train/normalized_old/part-00269.parquet
  saved 271/582 normalized -> /home/jag/payment-processor-research/payment_processing_research_data/equifax/train/normalized_old/part-00270.parquet
  saved 272/582 normalized -> /home/jag/payment-processor-research/payment_processing_research_data/equifax/train/normalized_old/part-00271.parquet
  saved 273/582 normalized -> /home/jag/payment-processor-research/payment_processing_research_data/equifax/train/normalized_old/part-00272.parquet
  saved 274/582 normalized -> /home/jag/payment-processor-research/payment_processing_research_data/equifax/train/normalized_old/part-00273.parquet
  saved 275/582 normalized -> /home/jag/payment-processor-research/payment_processing_research_data/equifax/train/normalized_old/part-00274.parquet
  saved 276/582 normalized -> /home/jag/payment-processor-research/payment_processing_research_data/equifax/train/normalized_old/part-00275.parquet
  saved 277/582 normalized -> /home/jag/payment-processor-research/payment_processing_research_data/equifax/train/normalized_old/part-00276.parquet
  saved 278/582 normalized -> /home/jag/payment-processor-research/payment_processing_research_data/equifax/train/normalized_old/part-00277.parquet
  saved 279/582 normalized -> /home/jag/payment-processor-research/payment_processing_research_data/equifax/train/normalized_old/part-00278.parquet
  saved 280/582 normalized -> /home/jag/payment-processor-research/payment_processing_research_data/equifax/train/normalized_old/part-00279.parquet
  saved 281/582 normalized -> /home/jag/payment-processor-research/payment_processing_research_data/equifax/train/normalized_old/part-00280.parquet
  saved 282/582 normalized -> /home/jag/payment-processor-research/payment_processing_research_data/equifax/train/normalized_old/part-00281.parquet
  saved 283/582 normalized -> /home/jag/payment-processor-research/payment_processing_research_data/equifax/train/normalized_old/part-00282.parquet
  saved 284/582 normalized -> /home/jag/payment-processor-research/payment_processing_research_data/equifax/train/normalized_old/part-00283.parquet
  saved 285/582 normalized -> /home/jag/payment-processor-research/payment_processing_research_data/equifax/train/normalized_old/part-00284.parquet
  saved 286/582 normalized -> /home/jag/payment-processor-research/payment_processing_research_data/equifax/train/normalized_old/part-00285.parquet
  saved 287/582 normalized -> /home/jag/payment-processor-research/payment_processing_research_data/equifax/train/normalized_old/part-00286.parquet
  saved 288/582 normalized -> /home/jag/payment-processor-research/payment_processing_research_data/equifax/train/normalized_old/part-00287.parquet
  saved 289/582 normalized -> /home/jag/payment-processor-research/payment_processing_research_data/equifax/train/normalized_old/part-00288.parquet
  saved 290/582 normalized -> /home/jag/payment-processor-research/payment_processing_research_data/equifax/train/normalized_old/part-00289.parquet
  saved 291/582 normalized -> /home/jag/payment-processor-research/payment_processing_research_data/equifax/train/normalized_old/part-00290.parquet
  saved 292/582 normalized -> /home/jag/payment-processor-research/payment_processing_research_data/equifax/train/normalized_old/part-00291.parquet
  saved 293/582 normalized -> /home/jag/payment-processor-research/payment_processing_research_data/equifax/train/normalized_old/part-00292.parquet
  saved 294/582 normalized -> /home/jag/payment-processor-research/payment_processing_research_data/equifax/train/normalized_old/part-00293.parquet
  saved 295/582 normalized -> /home/jag/payment-processor-research/payment_processing_research_data/equifax/train/normalized_old/part-00294.parquet
  saved 296/582 normalized -> /home/jag/payment-processor-research/payment_processing_research_data/equifax/train/normalized_old/part-00295.parquet
  saved 297/582 normalized -> /home/jag/payment-processor-research/payment_processing_research_data/equifax/train/normalized_old/part-00296.parquet
  saved 298/582 normalized -> /home/jag/payment-processor-research/payment_processing_research_data/equifax/train/normalized_old/part-00297.parquet
  saved 299/582 normalized -> /home/jag/payment-processor-research/payment_processing_research_data/equifax/train/normalized_old/part-00298.parquet
  saved 300/582 normalized -> /home/jag/payment-processor-research/payment_processing_research_data/equifax/train/normalized_old/part-00299.parquet
  saved 301/582 normalized -> /home/jag/payment-processor-research/payment_processing_research_data/equifax/train/normalized_old/part-00300.parquet
  saved 302/582 normalized -> /home/jag/payment-processor-research/payment_processing_research_data/equifax/train/normalized_old/part-00301.parquet
  saved 303/582 normalized -> /home/jag/payment-processor-research/payment_processing_research_data/equifax/train/normalized_old/part-00302.parquet
  saved 304/582 normalized -> /home/jag/payment-processor-research/payment_processing_research_data/equifax/train/normalized_old/part-00303.parquet
  saved 305/582 normalized -> /home/jag/payment-processor-research/payment_processing_research_data/equifax/train/normalized_old/part-00304.parquet
  saved 306/582 normalized -> /home/jag/payment-processor-research/payment_processing_research_data/equifax/train/normalized_old/part-00305.parquet
  saved 307/582 normalized -> /home/jag/payment-processor-research/payment_processing_research_data/equifax/train/normalized_old/part-00306.parquet
  saved 308/582 normalized -> /home/jag/payment-processor-research/payment_processing_research_data/equifax/train/normalized_old/part-00307.parquet
  saved 309/582 normalized -> /home/jag/payment-processor-research/payment_processing_research_data/equifax/train/normalized_old/part-00308.parquet
  saved 310/582 normalized -> /home/jag/payment-processor-research/payment_processing_research_data/equifax/train/normalized_old/part-00309.parquet
  saved 311/582 normalized -> /home/jag/payment-processor-research/payment_processing_research_data/equifax/train/normalized_old/part-00310.parquet
  saved 312/582 normalized -> /home/jag/payment-processor-research/payment_processing_research_data/equifax/train/normalized_old/part-00311.parquet
  saved 313/582 normalized -> /home/jag/payment-processor-research/payment_processing_research_data/equifax/train/normalized_old/part-00312.parquet
  saved 314/582 normalized -> /home/jag/payment-processor-research/payment_processing_research_data/equifax/train/normalized_old/part-00313.parquet
  saved 315/582 normalized -> /home/jag/payment-processor-research/payment_processing_research_data/equifax/train/normalized_old/part-00314.parquet
  saved 316/582 normalized -> /home/jag/payment-processor-research/payment_processing_research_data/equifax/train/normalized_old/part-00315.parquet
  saved 317/582 normalized -> /home/jag/payment-processor-research/payment_processing_research_data/equifax/train/normalized_old/part-00316.parquet
  saved 318/582 normalized -> /home/jag/payment-processor-research/payment_processing_research_data/equifax/train/normalized_old/part-00317.parquet
  saved 319/582 normalized -> /home/jag/payment-processor-research/payment_processing_research_data/equifax/train/normalized_old/part-00318.parquet
  saved 320/582 normalized -> /home/jag/payment-processor-research/payment_processing_research_data/equifax/train/normalized_old/part-00319.parquet
  saved 321/582 normalized -> /home/jag/payment-processor-research/payment_processing_research_data/equifax/train/normalized_old/part-00320.parquet
  saved 322/582 normalized -> /home/jag/payment-processor-research/payment_processing_research_data/equifax/train/normalized_old/part-00321.parquet
  saved 323/582 normalized -> /home/jag/payment-processor-research/payment_processing_research_data/equifax/train/normalized_old/part-00322.parquet
  saved 324/582 normalized -> /home/jag/payment-processor-research/payment_processing_research_data/equifax/train/normalized_old/part-00323.parquet
  saved 325/582 normalized -> /home/jag/payment-processor-research/payment_processing_research_data/equifax/train/normalized_old/part-00324.parquet
  saved 326/582 normalized -> /home/jag/payment-processor-research/payment_processing_research_data/equifax/train/normalized_old/part-00325.parquet
  saved 327/582 normalized -> /home/jag/payment-processor-research/payment_processing_research_data/equifax/train/normalized_old/part-00326.parquet
  saved 328/582 normalized -> /home/jag/payment-processor-research/payment_processing_research_data/equifax/train/normalized_old/part-00327.parquet
  saved 329/582 normalized -> /home/jag/payment-processor-research/payment_processing_research_data/equifax/train/normalized_old/part-00328.parquet
  saved 330/582 normalized -> /home/jag/payment-processor-research/payment_processing_research_data/equifax/train/normalized_old/part-00329.parquet
  saved 331/582 normalized -> /home/jag/payment-processor-research/payment_processing_research_data/equifax/train/normalized_old/part-00330.parquet
  saved 332/582 normalized -> /home/jag/payment-processor-research/payment_processing_research_data/equifax/train/normalized_old/part-00331.parquet
  saved 333/582 normalized -> /home/jag/payment-processor-research/payment_processing_research_data/equifax/train/normalized_old/part-00332.parquet
  saved 334/582 normalized -> /home/jag/payment-processor-research/payment_processing_research_data/equifax/train/normalized_old/part-00333.parquet
  saved 335/582 normalized -> /home/jag/payment-processor-research/payment_processing_research_data/equifax/train/normalized_old/part-00334.parquet
  saved 336/582 normalized -> /home/jag/payment-processor-research/payment_processing_research_data/equifax/train/normalized_old/part-00335.parquet
  saved 337/582 normalized -> /home/jag/payment-processor-research/payment_processing_research_data/equifax/train/normalized_old/part-00336.parquet
  saved 338/582 normalized -> /home/jag/payment-processor-research/payment_processing_research_data/equifax/train/normalized_old/part-00337.parquet
  saved 339/582 normalized -> /home/jag/payment-processor-research/payment_processing_research_data/equifax/train/normalized_old/part-00338.parquet
  saved 340/582 normalized -> /home/jag/payment-processor-research/payment_processing_research_data/equifax/train/normalized_old/part-00339.parquet
  saved 341/582 normalized -> /home/jag/payment-processor-research/payment_processing_research_data/equifax/train/normalized_old/part-00340.parquet
  saved 342/582 normalized -> /home/jag/payment-processor-research/payment_processing_research_data/equifax/train/normalized_old/part-00341.parquet
  saved 343/582 normalized -> /home/jag/payment-processor-research/payment_processing_research_data/equifax/train/normalized_old/part-00342.parquet
  saved 344/582 normalized -> /home/jag/payment-processor-research/payment_processing_research_data/equifax/train/normalized_old/part-00343.parquet
  saved 345/582 normalized -> /home/jag/payment-processor-research/payment_processing_research_data/equifax/train/normalized_old/part-00344.parquet
  saved 346/582 normalized -> /home/jag/payment-processor-research/payment_processing_research_data/equifax/train/normalized_old/part-00345.parquet
  saved 347/582 normalized -> /home/jag/payment-processor-research/payment_processing_research_data/equifax/train/normalized_old/part-00346.parquet
  saved 348/582 normalized -> /home/jag/payment-processor-research/payment_processing_research_data/equifax/train/normalized_old/part-00347.parquet
  saved 349/582 normalized -> /home/jag/payment-processor-research/payment_processing_research_data/equifax/train/normalized_old/part-00348.parquet
  saved 350/582 normalized -> /home/jag/payment-processor-research/payment_processing_research_data/equifax/train/normalized_old/part-00349.parquet
  saved 351/582 normalized -> /home/jag/payment-processor-research/payment_processing_research_data/equifax/train/normalized_old/part-00350.parquet
  saved 352/582 normalized -> /home/jag/payment-processor-research/payment_processing_research_data/equifax/train/normalized_old/part-00351.parquet
  saved 353/582 normalized -> /home/jag/payment-processor-research/payment_processing_research_data/equifax/train/normalized_old/part-00352.parquet
  saved 354/582 normalized -> /home/jag/payment-processor-research/payment_processing_research_data/equifax/train/normalized_old/part-00353.parquet
  saved 355/582 normalized -> /home/jag/payment-processor-research/payment_processing_research_data/equifax/train/normalized_old/part-00354.parquet
  saved 356/582 normalized -> /home/jag/payment-processor-research/payment_processing_research_data/equifax/train/normalized_old/part-00355.parquet
  saved 357/582 normalized -> /home/jag/payment-processor-research/payment_processing_research_data/equifax/train/normalized_old/part-00356.parquet
  saved 358/582 normalized -> /home/jag/payment-processor-research/payment_processing_research_data/equifax/train/normalized_old/part-00357.parquet
  saved 359/582 normalized -> /home/jag/payment-processor-research/payment_processing_research_data/equifax/train/normalized_old/part-00358.parquet
  saved 360/582 normalized -> /home/jag/payment-processor-research/payment_processing_research_data/equifax/train/normalized_old/part-00359.parquet
  saved 361/582 normalized -> /home/jag/payment-processor-research/payment_processing_research_data/equifax/train/normalized_old/part-00360.parquet
  saved 362/582 normalized -> /home/jag/payment-processor-research/payment_processing_research_data/equifax/train/normalized_old/part-00361.parquet
  saved 363/582 normalized -> /home/jag/payment-processor-research/payment_processing_research_data/equifax/train/normalized_old/part-00362.parquet
  saved 364/582 normalized -> /home/jag/payment-processor-research/payment_processing_research_data/equifax/train/normalized_old/part-00363.parquet
  saved 365/582 normalized -> /home/jag/payment-processor-research/payment_processing_research_data/equifax/train/normalized_old/part-00364.parquet
  saved 366/582 normalized -> /home/jag/payment-processor-research/payment_processing_research_data/equifax/train/normalized_old/part-00365.parquet
  saved 367/582 normalized -> /home/jag/payment-processor-research/payment_processing_research_data/equifax/train/normalized_old/part-00366.parquet
  saved 368/582 normalized -> /home/jag/payment-processor-research/payment_processing_research_data/equifax/train/normalized_old/part-00367.parquet
  saved 369/582 normalized -> /home/jag/payment-processor-research/payment_processing_research_data/equifax/train/normalized_old/part-00368.parquet
  saved 370/582 normalized -> /home/jag/payment-processor-research/payment_processing_research_data/equifax/train/normalized_old/part-00369.parquet
  saved 371/582 normalized -> /home/jag/payment-processor-research/payment_processing_research_data/equifax/train/normalized_old/part-00370.parquet
  saved 372/582 normalized -> /home/jag/payment-processor-research/payment_processing_research_data/equifax/train/normalized_old/part-00371.parquet
  saved 373/582 normalized -> /home/jag/payment-processor-research/payment_processing_research_data/equifax/train/normalized_old/part-00372.parquet
  saved 374/582 normalized -> /home/jag/payment-processor-research/payment_processing_research_data/equifax/train/normalized_old/part-00373.parquet
  saved 375/582 normalized -> /home/jag/payment-processor-research/payment_processing_research_data/equifax/train/normalized_old/part-00374.parquet
  saved 376/582 normalized -> /home/jag/payment-processor-research/payment_processing_research_data/equifax/train/normalized_old/part-00375.parquet
  saved 377/582 normalized -> /home/jag/payment-processor-research/payment_processing_research_data/equifax/train/normalized_old/part-00376.parquet
  saved 378/582 normalized -> /home/jag/payment-processor-research/payment_processing_research_data/equifax/train/normalized_old/part-00377.parquet
  saved 379/582 normalized -> /home/jag/payment-processor-research/payment_processing_research_data/equifax/train/normalized_old/part-00378.parquet
  saved 380/582 normalized -> /home/jag/payment-processor-research/payment_processing_research_data/equifax/train/normalized_old/part-00379.parquet
  saved 381/582 normalized -> /home/jag/payment-processor-research/payment_processing_research_data/equifax/train/normalized_old/part-00380.parquet
  saved 382/582 normalized -> /home/jag/payment-processor-research/payment_processing_research_data/equifax/train/normalized_old/part-00381.parquet
  saved 383/582 normalized -> /home/jag/payment-processor-research/payment_processing_research_data/equifax/train/normalized_old/part-00382.parquet
  saved 384/582 normalized -> /home/jag/payment-processor-research/payment_processing_research_data/equifax/train/normalized_old/part-00383.parquet
  saved 385/582 normalized -> /home/jag/payment-processor-research/payment_processing_research_data/equifax/train/normalized_old/part-00384.parquet
  saved 386/582 normalized -> /home/jag/payment-processor-research/payment_processing_research_data/equifax/train/normalized_old/part-00385.parquet
  saved 387/582 normalized -> /home/jag/payment-processor-research/payment_processing_research_data/equifax/train/normalized_old/part-00386.parquet
  saved 388/582 normalized -> /home/jag/payment-processor-research/payment_processing_research_data/equifax/train/normalized_old/part-00387.parquet
  saved 389/582 normalized -> /home/jag/payment-processor-research/payment_processing_research_data/equifax/train/normalized_old/part-00388.parquet
  saved 390/582 normalized -> /home/jag/payment-processor-research/payment_processing_research_data/equifax/train/normalized_old/part-00389.parquet
  saved 391/582 normalized -> /home/jag/payment-processor-research/payment_processing_research_data/equifax/train/normalized_old/part-00390.parquet
  saved 392/582 normalized -> /home/jag/payment-processor-research/payment_processing_research_data/equifax/train/normalized_old/part-00391.parquet
  saved 393/582 normalized -> /home/jag/payment-processor-research/payment_processing_research_data/equifax/train/normalized_old/part-00392.parquet
  saved 394/582 normalized -> /home/jag/payment-processor-research/payment_processing_research_data/equifax/train/normalized_old/part-00393.parquet
  saved 395/582 normalized -> /home/jag/payment-processor-research/payment_processing_research_data/equifax/train/normalized_old/part-00394.parquet
  saved 396/582 normalized -> /home/jag/payment-processor-research/payment_processing_research_data/equifax/train/normalized_old/part-00395.parquet
  saved 397/582 normalized -> /home/jag/payment-processor-research/payment_processing_research_data/equifax/train/normalized_old/part-00396.parquet
  saved 398/582 normalized -> /home/jag/payment-processor-research/payment_processing_research_data/equifax/train/normalized_old/part-00397.parquet
  saved 399/582 normalized -> /home/jag/payment-processor-research/payment_processing_research_data/equifax/train/normalized_old/part-00398.parquet
  saved 400/582 normalized -> /home/jag/payment-processor-research/payment_processing_research_data/equifax/train/normalized_old/part-00399.parquet
  saved 401/582 normalized -> /home/jag/payment-processor-research/payment_processing_research_data/equifax/train/normalized_old/part-00400.parquet
  saved 402/582 normalized -> /home/jag/payment-processor-research/payment_processing_research_data/equifax/train/normalized_old/part-00401.parquet
  saved 403/582 normalized -> /home/jag/payment-processor-research/payment_processing_research_data/equifax/train/normalized_old/part-00402.parquet
  saved 404/582 normalized -> /home/jag/payment-processor-research/payment_processing_research_data/equifax/train/normalized_old/part-00403.parquet
  saved 405/582 normalized -> /home/jag/payment-processor-research/payment_processing_research_data/equifax/train/normalized_old/part-00404.parquet
  saved 406/582 normalized -> /home/jag/payment-processor-research/payment_processing_research_data/equifax/train/normalized_old/part-00405.parquet
  saved 407/582 normalized -> /home/jag/payment-processor-research/payment_processing_research_data/equifax/train/normalized_old/part-00406.parquet
  saved 408/582 normalized -> /home/jag/payment-processor-research/payment_processing_research_data/equifax/train/normalized_old/part-00407.parquet
  saved 409/582 normalized -> /home/jag/payment-processor-research/payment_processing_research_data/equifax/train/normalized_old/part-00408.parquet
  saved 410/582 normalized -> /home/jag/payment-processor-research/payment_processing_research_data/equifax/train/normalized_old/part-00409.parquet
  saved 411/582 normalized -> /home/jag/payment-processor-research/payment_processing_research_data/equifax/train/normalized_old/part-00410.parquet
  saved 412/582 normalized -> /home/jag/payment-processor-research/payment_processing_research_data/equifax/train/normalized_old/part-00411.parquet
  saved 413/582 normalized -> /home/jag/payment-processor-research/payment_processing_research_data/equifax/train/normalized_old/part-00412.parquet
  saved 414/582 normalized -> /home/jag/payment-processor-research/payment_processing_research_data/equifax/train/normalized_old/part-00413.parquet
  saved 415/582 normalized -> /home/jag/payment-processor-research/payment_processing_research_data/equifax/train/normalized_old/part-00414.parquet
  saved 416/582 normalized -> /home/jag/payment-processor-research/payment_processing_research_data/equifax/train/normalized_old/part-00415.parquet
  saved 417/582 normalized -> /home/jag/payment-processor-research/payment_processing_research_data/equifax/train/normalized_old/part-00416.parquet
  saved 418/582 normalized -> /home/jag/payment-processor-research/payment_processing_research_data/equifax/train/normalized_old/part-00417.parquet
  saved 419/582 normalized -> /home/jag/payment-processor-research/payment_processing_research_data/equifax/train/normalized_old/part-00418.parquet
  saved 420/582 normalized -> /home/jag/payment-processor-research/payment_processing_research_data/equifax/train/normalized_old/part-00419.parquet
  saved 421/582 normalized -> /home/jag/payment-processor-research/payment_processing_research_data/equifax/train/normalized_old/part-00420.parquet
  saved 422/582 normalized -> /home/jag/payment-processor-research/payment_processing_research_data/equifax/train/normalized_old/part-00421.parquet
  saved 423/582 normalized -> /home/jag/payment-processor-research/payment_processing_research_data/equifax/train/normalized_old/part-00422.parquet
  saved 424/582 normalized -> /home/jag/payment-processor-research/payment_processing_research_data/equifax/train/normalized_old/part-00423.parquet
  saved 425/582 normalized -> /home/jag/payment-processor-research/payment_processing_research_data/equifax/train/normalized_old/part-00424.parquet
  saved 426/582 normalized -> /home/jag/payment-processor-research/payment_processing_research_data/equifax/train/normalized_old/part-00425.parquet
  saved 427/582 normalized -> /home/jag/payment-processor-research/payment_processing_research_data/equifax/train/normalized_old/part-00426.parquet
  saved 428/582 normalized -> /home/jag/payment-processor-research/payment_processing_research_data/equifax/train/normalized_old/part-00427.parquet
  saved 429/582 normalized -> /home/jag/payment-processor-research/payment_processing_research_data/equifax/train/normalized_old/part-00428.parquet
  saved 430/582 normalized -> /home/jag/payment-processor-research/payment_processing_research_data/equifax/train/normalized_old/part-00429.parquet
  saved 431/582 normalized -> /home/jag/payment-processor-research/payment_processing_research_data/equifax/train/normalized_old/part-00430.parquet
  saved 432/582 normalized -> /home/jag/payment-processor-research/payment_processing_research_data/equifax/train/normalized_old/part-00431.parquet
  saved 433/582 normalized -> /home/jag/payment-processor-research/payment_processing_research_data/equifax/train/normalized_old/part-00432.parquet
  saved 434/582 normalized -> /home/jag/payment-processor-research/payment_processing_research_data/equifax/train/normalized_old/part-00433.parquet
  saved 435/582 normalized -> /home/jag/payment-processor-research/payment_processing_research_data/equifax/train/normalized_old/part-00434.parquet
  saved 436/582 normalized -> /home/jag/payment-processor-research/payment_processing_research_data/equifax/train/normalized_old/part-00435.parquet
  saved 437/582 normalized -> /home/jag/payment-processor-research/payment_processing_research_data/equifax/train/normalized_old/part-00436.parquet
  saved 438/582 normalized -> /home/jag/payment-processor-research/payment_processing_research_data/equifax/train/normalized_old/part-00437.parquet
  saved 439/582 normalized -> /home/jag/payment-processor-research/payment_processing_research_data/equifax/train/normalized_old/part-00438.parquet
  saved 440/582 normalized -> /home/jag/payment-processor-research/payment_processing_research_data/equifax/train/normalized_old/part-00439.parquet
  saved 441/582 normalized -> /home/jag/payment-processor-research/payment_processing_research_data/equifax/train/normalized_old/part-00440.parquet
  saved 442/582 normalized -> /home/jag/payment-processor-research/payment_processing_research_data/equifax/train/normalized_old/part-00441.parquet
  saved 443/582 normalized -> /home/jag/payment-processor-research/payment_processing_research_data/equifax/train/normalized_old/part-00442.parquet
  saved 444/582 normalized -> /home/jag/payment-processor-research/payment_processing_research_data/equifax/train/normalized_old/part-00443.parquet
  saved 445/582 normalized -> /home/jag/payment-processor-research/payment_processing_research_data/equifax/train/normalized_old/part-00444.parquet
  saved 446/582 normalized -> /home/jag/payment-processor-research/payment_processing_research_data/equifax/train/normalized_old/part-00445.parquet
  saved 447/582 normalized -> /home/jag/payment-processor-research/payment_processing_research_data/equifax/train/normalized_old/part-00446.parquet
  saved 448/582 normalized -> /home/jag/payment-processor-research/payment_processing_research_data/equifax/train/normalized_old/part-00447.parquet
  saved 449/582 normalized -> /home/jag/payment-processor-research/payment_processing_research_data/equifax/train/normalized_old/part-00448.parquet
  saved 450/582 normalized -> /home/jag/payment-processor-research/payment_processing_research_data/equifax/train/normalized_old/part-00449.parquet
  saved 451/582 normalized -> /home/jag/payment-processor-research/payment_processing_research_data/equifax/train/normalized_old/part-00450.parquet
  saved 452/582 normalized -> /home/jag/payment-processor-research/payment_processing_research_data/equifax/train/normalized_old/part-00451.parquet
  saved 453/582 normalized -> /home/jag/payment-processor-research/payment_processing_research_data/equifax/train/normalized_old/part-00452.parquet
  saved 454/582 normalized -> /home/jag/payment-processor-research/payment_processing_research_data/equifax/train/normalized_old/part-00453.parquet
  saved 455/582 normalized -> /home/jag/payment-processor-research/payment_processing_research_data/equifax/train/normalized_old/part-00454.parquet
  saved 456/582 normalized -> /home/jag/payment-processor-research/payment_processing_research_data/equifax/train/normalized_old/part-00455.parquet
  saved 457/582 normalized -> /home/jag/payment-processor-research/payment_processing_research_data/equifax/train/normalized_old/part-00456.parquet
  saved 458/582 normalized -> /home/jag/payment-processor-research/payment_processing_research_data/equifax/train/normalized_old/part-00457.parquet
  saved 459/582 normalized -> /home/jag/payment-processor-research/payment_processing_research_data/equifax/train/normalized_old/part-00458.parquet
  saved 460/582 normalized -> /home/jag/payment-processor-research/payment_processing_research_data/equifax/train/normalized_old/part-00459.parquet
  saved 461/582 normalized -> /home/jag/payment-processor-research/payment_processing_research_data/equifax/train/normalized_old/part-00460.parquet
  saved 462/582 normalized -> /home/jag/payment-processor-research/payment_processing_research_data/equifax/train/normalized_old/part-00461.parquet
  saved 463/582 normalized -> /home/jag/payment-processor-research/payment_processing_research_data/equifax/train/normalized_old/part-00462.parquet
  saved 464/582 normalized -> /home/jag/payment-processor-research/payment_processing_research_data/equifax/train/normalized_old/part-00463.parquet
  saved 465/582 normalized -> /home/jag/payment-processor-research/payment_processing_research_data/equifax/train/normalized_old/part-00464.parquet
  saved 466/582 normalized -> /home/jag/payment-processor-research/payment_processing_research_data/equifax/train/normalized_old/part-00465.parquet
  saved 467/582 normalized -> /home/jag/payment-processor-research/payment_processing_research_data/equifax/train/normalized_old/part-00466.parquet
  saved 468/582 normalized -> /home/jag/payment-processor-research/payment_processing_research_data/equifax/train/normalized_old/part-00467.parquet
  saved 469/582 normalized -> /home/jag/payment-processor-research/payment_processing_research_data/equifax/train/normalized_old/part-00468.parquet
  saved 470/582 normalized -> /home/jag/payment-processor-research/payment_processing_research_data/equifax/train/normalized_old/part-00469.parquet
  saved 471/582 normalized -> /home/jag/payment-processor-research/payment_processing_research_data/equifax/train/normalized_old/part-00470.parquet
  saved 472/582 normalized -> /home/jag/payment-processor-research/payment_processing_research_data/equifax/train/normalized_old/part-00471.parquet
  saved 473/582 normalized -> /home/jag/payment-processor-research/payment_processing_research_data/equifax/train/normalized_old/part-00472.parquet
  saved 474/582 normalized -> /home/jag/payment-processor-research/payment_processing_research_data/equifax/train/normalized_old/part-00473.parquet
  saved 475/582 normalized -> /home/jag/payment-processor-research/payment_processing_research_data/equifax/train/normalized_old/part-00474.parquet
  saved 476/582 normalized -> /home/jag/payment-processor-research/payment_processing_research_data/equifax/train/normalized_old/part-00475.parquet
  saved 477/582 normalized -> /home/jag/payment-processor-research/payment_processing_research_data/equifax/train/normalized_old/part-00476.parquet
  saved 478/582 normalized -> /home/jag/payment-processor-research/payment_processing_research_data/equifax/train/normalized_old/part-00477.parquet
  saved 479/582 normalized -> /home/jag/payment-processor-research/payment_processing_research_data/equifax/train/normalized_old/part-00478.parquet
  saved 480/582 normalized -> /home/jag/payment-processor-research/payment_processing_research_data/equifax/train/normalized_old/part-00479.parquet
  saved 481/582 normalized -> /home/jag/payment-processor-research/payment_processing_research_data/equifax/train/normalized_old/part-00480.parquet
  saved 482/582 normalized -> /home/jag/payment-processor-research/payment_processing_research_data/equifax/train/normalized_old/part-00481.parquet
  saved 483/582 normalized -> /home/jag/payment-processor-research/payment_processing_research_data/equifax/train/normalized_old/part-00482.parquet
  saved 484/582 normalized -> /home/jag/payment-processor-research/payment_processing_research_data/equifax/train/normalized_old/part-00483.parquet
  saved 485/582 normalized -> /home/jag/payment-processor-research/payment_processing_research_data/equifax/train/normalized_old/part-00484.parquet
  saved 486/582 normalized -> /home/jag/payment-processor-research/payment_processing_research_data/equifax/train/normalized_old/part-00485.parquet
  saved 487/582 normalized -> /home/jag/payment-processor-research/payment_processing_research_data/equifax/train/normalized_old/part-00486.parquet
  saved 488/582 normalized -> /home/jag/payment-processor-research/payment_processing_research_data/equifax/train/normalized_old/part-00487.parquet
  saved 489/582 normalized -> /home/jag/payment-processor-research/payment_processing_research_data/equifax/train/normalized_old/part-00488.parquet
  saved 490/582 normalized -> /home/jag/payment-processor-research/payment_processing_research_data/equifax/train/normalized_old/part-00489.parquet
  saved 491/582 normalized -> /home/jag/payment-processor-research/payment_processing_research_data/equifax/train/normalized_old/part-00490.parquet
  saved 492/582 normalized -> /home/jag/payment-processor-research/payment_processing_research_data/equifax/train/normalized_old/part-00491.parquet
  saved 493/582 normalized -> /home/jag/payment-processor-research/payment_processing_research_data/equifax/train/normalized_old/part-00492.parquet
  saved 494/582 normalized -> /home/jag/payment-processor-research/payment_processing_research_data/equifax/train/normalized_old/part-00493.parquet
  saved 495/582 normalized -> /home/jag/payment-processor-research/payment_processing_research_data/equifax/train/normalized_old/part-00494.parquet
  saved 496/582 normalized -> /home/jag/payment-processor-research/payment_processing_research_data/equifax/train/normalized_old/part-00495.parquet
  saved 497/582 normalized -> /home/jag/payment-processor-research/payment_processing_research_data/equifax/train/normalized_old/part-00496.parquet
  saved 498/582 normalized -> /home/jag/payment-processor-research/payment_processing_research_data/equifax/train/normalized_old/part-00497.parquet
  saved 499/582 normalized -> /home/jag/payment-processor-research/payment_processing_research_data/equifax/train/normalized_old/part-00498.parquet
  saved 500/582 normalized -> /home/jag/payment-processor-research/payment_processing_research_data/equifax/train/normalized_old/part-00499.parquet
  saved 501/582 normalized -> /home/jag/payment-processor-research/payment_processing_research_data/equifax/train/normalized_old/part-00500.parquet
  saved 502/582 normalized -> /home/jag/payment-processor-research/payment_processing_research_data/equifax/train/normalized_old/part-00501.parquet
  saved 503/582 normalized -> /home/jag/payment-processor-research/payment_processing_research_data/equifax/train/normalized_old/part-00502.parquet
  saved 504/582 normalized -> /home/jag/payment-processor-research/payment_processing_research_data/equifax/train/normalized_old/part-00503.parquet
  saved 505/582 normalized -> /home/jag/payment-processor-research/payment_processing_research_data/equifax/train/normalized_old/part-00504.parquet
  saved 506/582 normalized -> /home/jag/payment-processor-research/payment_processing_research_data/equifax/train/normalized_old/part-00505.parquet
  saved 507/582 normalized -> /home/jag/payment-processor-research/payment_processing_research_data/equifax/train/normalized_old/part-00506.parquet
  saved 508/582 normalized -> /home/jag/payment-processor-research/payment_processing_research_data/equifax/train/normalized_old/part-00507.parquet
  saved 509/582 normalized -> /home/jag/payment-processor-research/payment_processing_research_data/equifax/train/normalized_old/part-00508.parquet
  saved 510/582 normalized -> /home/jag/payment-processor-research/payment_processing_research_data/equifax/train/normalized_old/part-00509.parquet
  saved 511/582 normalized -> /home/jag/payment-processor-research/payment_processing_research_data/equifax/train/normalized_old/part-00510.parquet
  saved 512/582 normalized -> /home/jag/payment-processor-research/payment_processing_research_data/equifax/train/normalized_old/part-00511.parquet
  saved 513/582 normalized -> /home/jag/payment-processor-research/payment_processing_research_data/equifax/train/normalized_old/part-00512.parquet
  saved 514/582 normalized -> /home/jag/payment-processor-research/payment_processing_research_data/equifax/train/normalized_old/part-00513.parquet
  saved 515/582 normalized -> /home/jag/payment-processor-research/payment_processing_research_data/equifax/train/normalized_old/part-00514.parquet
  saved 516/582 normalized -> /home/jag/payment-processor-research/payment_processing_research_data/equifax/train/normalized_old/part-00515.parquet
  saved 517/582 normalized -> /home/jag/payment-processor-research/payment_processing_research_data/equifax/train/normalized_old/part-00516.parquet
  saved 518/582 normalized -> /home/jag/payment-processor-research/payment_processing_research_data/equifax/train/normalized_old/part-00517.parquet
  saved 519/582 normalized -> /home/jag/payment-processor-research/payment_processing_research_data/equifax/train/normalized_old/part-00518.parquet
  saved 520/582 normalized -> /home/jag/payment-processor-research/payment_processing_research_data/equifax/train/normalized_old/part-00519.parquet
  saved 521/582 normalized -> /home/jag/payment-processor-research/payment_processing_research_data/equifax/train/normalized_old/part-00520.parquet
  saved 522/582 normalized -> /home/jag/payment-processor-research/payment_processing_research_data/equifax/train/normalized_old/part-00521.parquet
  saved 523/582 normalized -> /home/jag/payment-processor-research/payment_processing_research_data/equifax/train/normalized_old/part-00522.parquet
  saved 524/582 normalized -> /home/jag/payment-processor-research/payment_processing_research_data/equifax/train/normalized_old/part-00523.parquet
  saved 525/582 normalized -> /home/jag/payment-processor-research/payment_processing_research_data/equifax/train/normalized_old/part-00524.parquet
  saved 526/582 normalized -> /home/jag/payment-processor-research/payment_processing_research_data/equifax/train/normalized_old/part-00525.parquet
  saved 527/582 normalized -> /home/jag/payment-processor-research/payment_processing_research_data/equifax/train/normalized_old/part-00526.parquet
  saved 528/582 normalized -> /home/jag/payment-processor-research/payment_processing_research_data/equifax/train/normalized_old/part-00527.parquet
  saved 529/582 normalized -> /home/jag/payment-processor-research/payment_processing_research_data/equifax/train/normalized_old/part-00528.parquet
  saved 530/582 normalized -> /home/jag/payment-processor-research/payment_processing_research_data/equifax/train/normalized_old/part-00529.parquet
  saved 531/582 normalized -> /home/jag/payment-processor-research/payment_processing_research_data/equifax/train/normalized_old/part-00530.parquet
  saved 532/582 normalized -> /home/jag/payment-processor-research/payment_processing_research_data/equifax/train/normalized_old/part-00531.parquet
  saved 533/582 normalized -> /home/jag/payment-processor-research/payment_processing_research_data/equifax/train/normalized_old/part-00532.parquet
  saved 534/582 normalized -> /home/jag/payment-processor-research/payment_processing_research_data/equifax/train/normalized_old/part-00533.parquet
  saved 535/582 normalized -> /home/jag/payment-processor-research/payment_processing_research_data/equifax/train/normalized_old/part-00534.parquet
  saved 536/582 normalized -> /home/jag/payment-processor-research/payment_processing_research_data/equifax/train/normalized_old/part-00535.parquet
  saved 537/582 normalized -> /home/jag/payment-processor-research/payment_processing_research_data/equifax/train/normalized_old/part-00536.parquet
  saved 538/582 normalized -> /home/jag/payment-processor-research/payment_processing_research_data/equifax/train/normalized_old/part-00537.parquet
  saved 539/582 normalized -> /home/jag/payment-processor-research/payment_processing_research_data/equifax/train/normalized_old/part-00538.parquet
  saved 540/582 normalized -> /home/jag/payment-processor-research/payment_processing_research_data/equifax/train/normalized_old/part-00539.parquet
  saved 541/582 normalized -> /home/jag/payment-processor-research/payment_processing_research_data/equifax/train/normalized_old/part-00540.parquet
  saved 542/582 normalized -> /home/jag/payment-processor-research/payment_processing_research_data/equifax/train/normalized_old/part-00541.parquet
  saved 543/582 normalized -> /home/jag/payment-processor-research/payment_processing_research_data/equifax/train/normalized_old/part-00542.parquet
  saved 544/582 normalized -> /home/jag/payment-processor-research/payment_processing_research_data/equifax/train/normalized_old/part-00543.parquet
  saved 545/582 normalized -> /home/jag/payment-processor-research/payment_processing_research_data/equifax/train/normalized_old/part-00544.parquet
  saved 546/582 normalized -> /home/jag/payment-processor-research/payment_processing_research_data/equifax/train/normalized_old/part-00545.parquet
  saved 547/582 normalized -> /home/jag/payment-processor-research/payment_processing_research_data/equifax/train/normalized_old/part-00546.parquet
  saved 548/582 normalized -> /home/jag/payment-processor-research/payment_processing_research_data/equifax/train/normalized_old/part-00547.parquet
  saved 549/582 normalized -> /home/jag/payment-processor-research/payment_processing_research_data/equifax/train/normalized_old/part-00548.parquet
  saved 550/582 normalized -> /home/jag/payment-processor-research/payment_processing_research_data/equifax/train/normalized_old/part-00549.parquet
  saved 551/582 normalized -> /home/jag/payment-processor-research/payment_processing_research_data/equifax/train/normalized_old/part-00550.parquet
  saved 552/582 normalized -> /home/jag/payment-processor-research/payment_processing_research_data/equifax/train/normalized_old/part-00551.parquet
  saved 553/582 normalized -> /home/jag/payment-processor-research/payment_processing_research_data/equifax/train/normalized_old/part-00552.parquet
  saved 554/582 normalized -> /home/jag/payment-processor-research/payment_processing_research_data/equifax/train/normalized_old/part-00553.parquet
  saved 555/582 normalized -> /home/jag/payment-processor-research/payment_processing_research_data/equifax/train/normalized_old/part-00554.parquet
  saved 556/582 normalized -> /home/jag/payment-processor-research/payment_processing_research_data/equifax/train/normalized_old/part-00555.parquet
  saved 557/582 normalized -> /home/jag/payment-processor-research/payment_processing_research_data/equifax/train/normalized_old/part-00556.parquet
  saved 558/582 normalized -> /home/jag/payment-processor-research/payment_processing_research_data/equifax/train/normalized_old/part-00557.parquet
  saved 559/582 normalized -> /home/jag/payment-processor-research/payment_processing_research_data/equifax/train/normalized_old/part-00558.parquet
  saved 560/582 normalized -> /home/jag/payment-processor-research/payment_processing_research_data/equifax/train/normalized_old/part-00559.parquet
  saved 561/582 normalized -> /home/jag/payment-processor-research/payment_processing_research_data/equifax/train/normalized_old/part-00560.parquet
  saved 562/582 normalized -> /home/jag/payment-processor-research/payment_processing_research_data/equifax/train/normalized_old/part-00561.parquet
  saved 563/582 normalized -> /home/jag/payment-processor-research/payment_processing_research_data/equifax/train/normalized_old/part-00562.parquet
  saved 564/582 normalized -> /home/jag/payment-processor-research/payment_processing_research_data/equifax/train/normalized_old/part-00563.parquet
  saved 565/582 normalized -> /home/jag/payment-processor-research/payment_processing_research_data/equifax/train/normalized_old/part-00564.parquet
  saved 566/582 normalized -> /home/jag/payment-processor-research/payment_processing_research_data/equifax/train/normalized_old/part-00565.parquet
  saved 567/582 normalized -> /home/jag/payment-processor-research/payment_processing_research_data/equifax/train/normalized_old/part-00566.parquet
  saved 568/582 normalized -> /home/jag/payment-processor-research/payment_processing_research_data/equifax/train/normalized_old/part-00567.parquet
  saved 569/582 normalized -> /home/jag/payment-processor-research/payment_processing_research_data/equifax/train/normalized_old/part-00568.parquet
  saved 570/582 normalized -> /home/jag/payment-processor-research/payment_processing_research_data/equifax/train/normalized_old/part-00569.parquet
  saved 571/582 normalized -> /home/jag/payment-processor-research/payment_processing_research_data/equifax/train/normalized_old/part-00570.parquet
  saved 572/582 normalized -> /home/jag/payment-processor-research/payment_processing_research_data/equifax/train/normalized_old/part-00571.parquet
  saved 573/582 normalized -> /home/jag/payment-processor-research/payment_processing_research_data/equifax/train/normalized_old/part-00572.parquet
  saved 574/582 normalized -> /home/jag/payment-processor-research/payment_processing_research_data/equifax/train/normalized_old/part-00573.parquet
  saved 575/582 normalized -> /home/jag/payment-processor-research/payment_processing_research_data/equifax/train/normalized_old/part-00574.parquet
  saved 576/582 normalized -> /home/jag/payment-processor-research/payment_processing_research_data/equifax/train/normalized_old/part-00575.parquet
  saved 577/582 normalized -> /home/jag/payment-processor-research/payment_processing_research_data/equifax/train/normalized_old/part-00576.parquet
  saved 578/582 normalized -> /home/jag/payment-processor-research/payment_processing_research_data/equifax/train/normalized_old/part-00577.parquet
  saved 579/582 normalized -> /home/jag/payment-processor-research/payment_processing_research_data/equifax/train/normalized_old/part-00578.parquet
  saved 580/582 normalized -> /home/jag/payment-processor-research/payment_processing_research_data/equifax/train/normalized_old/part-00579.parquet
  saved 581/582 normalized -> /home/jag/payment-processor-research/payment_processing_research_data/equifax/train/normalized_old/part-00580.parquet
  saved 582/582 normalized -> /home/jag/payment-processor-research/payment_processing_research_data/equifax/train/normalized_old/part-00581.parquet
[equifax/train]  phase 2: load full normalized, split into 100 ZEST_KEY groups -> /home/jag/payment-processor-research/payment_processing_research_data/equifax/train/processed_old
  loaded 56,080,536 normalized rows
  saved group 1/100 processed (27,281 ZEST_KEYs so far) -> /home/jag/payment-processor-research/payment_processing_research_data/equifax/train/processed_old/part-000.parquet
  saved group 2/100 processed (54,356 ZEST_KEYs so far) -> /home/jag/payment-processor-research/payment_processing_research_data/equifax/train/processed_old/part-001.parquet
  saved group 3/100 processed (81,518 ZEST_KEYs so far) -> /home/jag/payment-processor-research/payment_processing_research_data/equifax/train/processed_old/part-002.parquet
  saved group 4/100 processed (108,761 ZEST_KEYs so far) -> /home/jag/payment-processor-research/payment_processing_research_data/equifax/train/processed_old/part-003.parquet
  saved group 5/100 processed (136,246 ZEST_KEYs so far) -> /home/jag/payment-processor-research/payment_processing_research_data/equifax/train/processed_old/part-004.parquet
  saved group 6/100 processed (163,497 ZEST_KEYs so far) -> /home/jag/payment-processor-research/payment_processing_research_data/equifax/train/processed_old/part-005.parquet
  saved group 7/100 processed (190,809 ZEST_KEYs so far) -> /home/jag/payment-processor-research/payment_processing_research_data/equifax/train/processed_old/part-006.parquet
  saved group 8/100 processed (218,006 ZEST_KEYs so far) -> /home/jag/payment-processor-research/payment_processing_research_data/equifax/train/processed_old/part-007.parquet
  saved group 9/100 processed (245,185 ZEST_KEYs so far) -> /home/jag/payment-processor-research/payment_processing_research_data/equifax/train/processed_old/part-008.parquet
  saved group 10/100 processed (272,743 ZEST_KEYs so far) -> /home/jag/payment-processor-research/payment_processing_research_data/equifax/train/processed_old/part-009.parquet
  saved group 11/100 processed (300,200 ZEST_KEYs so far) -> /home/jag/payment-processor-research/payment_processing_research_data/equifax/train/processed_old/part-010.parquet
  saved group 12/100 processed (327,586 ZEST_KEYs so far) -> /home/jag/payment-processor-research/payment_processing_research_data/equifax/train/processed_old/part-011.parquet
  saved group 13/100 processed (355,020 ZEST_KEYs so far) -> /home/jag/payment-processor-research/payment_processing_research_data/equifax/train/processed_old/part-012.parquet
  saved group 14/100 processed (382,219 ZEST_KEYs so far) -> /home/jag/payment-processor-research/payment_processing_research_data/equifax/train/processed_old/part-013.parquet
  saved group 15/100 processed (409,715 ZEST_KEYs so far) -> /home/jag/payment-processor-research/payment_processing_research_data/equifax/train/processed_old/part-014.parquet
  saved group 16/100 processed (437,167 ZEST_KEYs so far) -> /home/jag/payment-processor-research/payment_processing_research_data/equifax/train/processed_old/part-015.parquet
  saved group 17/100 processed (464,778 ZEST_KEYs so far) -> /home/jag/payment-processor-research/payment_processing_research_data/equifax/train/processed_old/part-016.parquet
  saved group 18/100 processed (492,074 ZEST_KEYs so far) -> /home/jag/payment-processor-research/payment_processing_research_data/equifax/train/processed_old/part-017.parquet
  saved group 19/100 processed (519,461 ZEST_KEYs so far) -> /home/jag/payment-processor-research/payment_processing_research_data/equifax/train/processed_old/part-018.parquet
  saved group 20/100 processed (546,589 ZEST_KEYs so far) -> /home/jag/payment-processor-research/payment_processing_research_data/equifax/train/processed_old/part-019.parquet
  saved group 21/100 processed (573,653 ZEST_KEYs so far) -> /home/jag/payment-processor-research/payment_processing_research_data/equifax/train/processed_old/part-020.parquet
  saved group 22/100 processed (601,084 ZEST_KEYs so far) -> /home/jag/payment-processor-research/payment_processing_research_data/equifax/train/processed_old/part-021.parquet
  saved group 23/100 processed (628,408 ZEST_KEYs so far) -> /home/jag/payment-processor-research/payment_processing_research_data/equifax/train/processed_old/part-022.parquet
  saved group 24/100 processed (655,536 ZEST_KEYs so far) -> /home/jag/payment-processor-research/payment_processing_research_data/equifax/train/processed_old/part-023.parquet
  saved group 25/100 processed (683,130 ZEST_KEYs so far) -> /home/jag/payment-processor-research/payment_processing_research_data/equifax/train/processed_old/part-024.parquet
  saved group 26/100 processed (710,286 ZEST_KEYs so far) -> /home/jag/payment-processor-research/payment_processing_research_data/equifax/train/processed_old/part-025.parquet
  saved group 27/100 processed (737,532 ZEST_KEYs so far) -> /home/jag/payment-processor-research/payment_processing_research_data/equifax/train/processed_old/part-026.parquet
  saved group 28/100 processed (764,873 ZEST_KEYs so far) -> /home/jag/payment-processor-research/payment_processing_research_data/equifax/train/processed_old/part-027.parquet
  saved group 29/100 processed (791,904 ZEST_KEYs so far) -> /home/jag/payment-processor-research/payment_processing_research_data/equifax/train/processed_old/part-028.parquet
  saved group 30/100 processed (818,964 ZEST_KEYs so far) -> /home/jag/payment-processor-research/payment_processing_research_data/equifax/train/processed_old/part-029.parquet
  saved group 31/100 processed (846,368 ZEST_KEYs so far) -> /home/jag/payment-processor-research/payment_processing_research_data/equifax/train/processed_old/part-030.parquet
  saved group 32/100 processed (873,593 ZEST_KEYs so far) -> /home/jag/payment-processor-research/payment_processing_research_data/equifax/train/processed_old/part-031.parquet
  saved group 33/100 processed (900,857 ZEST_KEYs so far) -> /home/jag/payment-processor-research/payment_processing_research_data/equifax/train/processed_old/part-032.parquet
  saved group 34/100 processed (928,178 ZEST_KEYs so far) -> /home/jag/payment-processor-research/payment_processing_research_data/equifax/train/processed_old/part-033.parquet
  saved group 35/100 processed (955,591 ZEST_KEYs so far) -> /home/jag/payment-processor-research/payment_processing_research_data/equifax/train/processed_old/part-034.parquet
  saved group 36/100 processed (982,772 ZEST_KEYs so far) -> /home/jag/payment-processor-research/payment_processing_research_data/equifax/train/processed_old/part-035.parquet
  saved group 37/100 processed (1,010,158 ZEST_KEYs so far) -> /home/jag/payment-processor-research/payment_processing_research_data/equifax/train/processed_old/part-036.parquet
  saved group 38/100 processed (1,037,241 ZEST_KEYs so far) -> /home/jag/payment-processor-research/payment_processing_research_data/equifax/train/processed_old/part-037.parquet
  saved group 39/100 processed (1,064,583 ZEST_KEYs so far) -> /home/jag/payment-processor-research/payment_processing_research_data/equifax/train/processed_old/part-038.parquet
  saved group 40/100 processed (1,091,834 ZEST_KEYs so far) -> /home/jag/payment-processor-research/payment_processing_research_data/equifax/train/processed_old/part-039.parquet
  saved group 41/100 processed (1,119,091 ZEST_KEYs so far) -> /home/jag/payment-processor-research/payment_processing_research_data/equifax/train/processed_old/part-040.parquet
  saved group 42/100 processed (1,146,539 ZEST_KEYs so far) -> /home/jag/payment-processor-research/payment_processing_research_data/equifax/train/processed_old/part-041.parquet
  saved group 43/100 processed (1,173,863 ZEST_KEYs so far) -> /home/jag/payment-processor-research/payment_processing_research_data/equifax/train/processed_old/part-042.parquet
  saved group 44/100 processed (1,200,952 ZEST_KEYs so far) -> /home/jag/payment-processor-research/payment_processing_research_data/equifax/train/processed_old/part-043.parquet
  saved group 45/100 processed (1,228,534 ZEST_KEYs so far) -> /home/jag/payment-processor-research/payment_processing_research_data/equifax/train/processed_old/part-044.parquet
  saved group 46/100 processed (1,255,850 ZEST_KEYs so far) -> /home/jag/payment-processor-research/payment_processing_research_data/equifax/train/processed_old/part-045.parquet
  saved group 47/100 processed (1,283,034 ZEST_KEYs so far) -> /home/jag/payment-processor-research/payment_processing_research_data/equifax/train/processed_old/part-046.parquet
  saved group 48/100 processed (1,310,182 ZEST_KEYs so far) -> /home/jag/payment-processor-research/payment_processing_research_data/equifax/train/processed_old/part-047.parquet
  saved group 49/100 processed (1,337,649 ZEST_KEYs so far) -> /home/jag/payment-processor-research/payment_processing_research_data/equifax/train/processed_old/part-048.parquet
  saved group 50/100 processed (1,364,974 ZEST_KEYs so far) -> /home/jag/payment-processor-research/payment_processing_research_data/equifax/train/processed_old/part-049.parquet
  saved group 51/100 processed (1,392,517 ZEST_KEYs so far) -> /home/jag/payment-processor-research/payment_processing_research_data/equifax/train/processed_old/part-050.parquet
  saved group 52/100 processed (1,419,940 ZEST_KEYs so far) -> /home/jag/payment-processor-research/payment_processing_research_data/equifax/train/processed_old/part-051.parquet
  saved group 53/100 processed (1,447,139 ZEST_KEYs so far) -> /home/jag/payment-processor-research/payment_processing_research_data/equifax/train/processed_old/part-052.parquet
  saved group 54/100 processed (1,474,436 ZEST_KEYs so far) -> /home/jag/payment-processor-research/payment_processing_research_data/equifax/train/processed_old/part-053.parquet
  saved group 55/100 processed (1,501,682 ZEST_KEYs so far) -> /home/jag/payment-processor-research/payment_processing_research_data/equifax/train/processed_old/part-054.parquet
  saved group 56/100 processed (1,529,109 ZEST_KEYs so far) -> /home/jag/payment-processor-research/payment_processing_research_data/equifax/train/processed_old/part-055.parquet
  saved group 57/100 processed (1,556,432 ZEST_KEYs so far) -> /home/jag/payment-processor-research/payment_processing_research_data/equifax/train/processed_old/part-056.parquet
  saved group 58/100 processed (1,583,751 ZEST_KEYs so far) -> /home/jag/payment-processor-research/payment_processing_research_data/equifax/train/processed_old/part-057.parquet
  saved group 59/100 processed (1,611,128 ZEST_KEYs so far) -> /home/jag/payment-processor-research/payment_processing_research_data/equifax/train/processed_old/part-058.parquet
  saved group 60/100 processed (1,638,439 ZEST_KEYs so far) -> /home/jag/payment-processor-research/payment_processing_research_data/equifax/train/processed_old/part-059.parquet
  saved group 61/100 processed (1,665,913 ZEST_KEYs so far) -> /home/jag/payment-processor-research/payment_processing_research_data/equifax/train/processed_old/part-060.parquet
  saved group 62/100 processed (1,693,201 ZEST_KEYs so far) -> /home/jag/payment-processor-research/payment_processing_research_data/equifax/train/processed_old/part-061.parquet
  saved group 63/100 processed (1,720,063 ZEST_KEYs so far) -> /home/jag/payment-processor-research/payment_processing_research_data/equifax/train/processed_old/part-062.parquet
  saved group 64/100 processed (1,747,382 ZEST_KEYs so far) -> /home/jag/payment-processor-research/payment_processing_research_data/equifax/train/processed_old/part-063.parquet
  saved group 65/100 processed (1,774,580 ZEST_KEYs so far) -> /home/jag/payment-processor-research/payment_processing_research_data/equifax/train/processed_old/part-064.parquet
  saved group 66/100 processed (1,801,867 ZEST_KEYs so far) -> /home/jag/payment-processor-research/payment_processing_research_data/equifax/train/processed_old/part-065.parquet
  saved group 67/100 processed (1,828,885 ZEST_KEYs so far) -> /home/jag/payment-processor-research/payment_processing_research_data/equifax/train/processed_old/part-066.parquet
  saved group 68/100 processed (1,856,235 ZEST_KEYs so far) -> /home/jag/payment-processor-research/payment_processing_research_data/equifax/train/processed_old/part-067.parquet
  saved group 69/100 processed (1,883,719 ZEST_KEYs so far) -> /home/jag/payment-processor-research/payment_processing_research_data/equifax/train/processed_old/part-068.parquet
  saved group 70/100 processed (1,911,030 ZEST_KEYs so far) -> /home/jag/payment-processor-research/payment_processing_research_data/equifax/train/processed_old/part-069.parquet
  saved group 71/100 processed (1,938,030 ZEST_KEYs so far) -> /home/jag/payment-processor-research/payment_processing_research_data/equifax/train/processed_old/part-070.parquet
  saved group 72/100 processed (1,965,193 ZEST_KEYs so far) -> /home/jag/payment-processor-research/payment_processing_research_data/equifax/train/processed_old/part-071.parquet
  saved group 73/100 processed (1,992,627 ZEST_KEYs so far) -> /home/jag/payment-processor-research/payment_processing_research_data/equifax/train/processed_old/part-072.parquet
  saved group 74/100 processed (2,020,148 ZEST_KEYs so far) -> /home/jag/payment-processor-research/payment_processing_research_data/equifax/train/processed_old/part-073.parquet
  saved group 75/100 processed (2,047,507 ZEST_KEYs so far) -> /home/jag/payment-processor-research/payment_processing_research_data/equifax/train/processed_old/part-074.parquet
  saved group 76/100 processed (2,074,810 ZEST_KEYs so far) -> /home/jag/payment-processor-research/payment_processing_research_data/equifax/train/processed_old/part-075.parquet
  saved group 77/100 processed (2,102,388 ZEST_KEYs so far) -> /home/jag/payment-processor-research/payment_processing_research_data/equifax/train/processed_old/part-076.parquet
  saved group 78/100 processed (2,129,630 ZEST_KEYs so far) -> /home/jag/payment-processor-research/payment_processing_research_data/equifax/train/processed_old/part-077.parquet
  saved group 79/100 processed (2,156,976 ZEST_KEYs so far) -> /home/jag/payment-processor-research/payment_processing_research_data/equifax/train/processed_old/part-078.parquet
  saved group 80/100 processed (2,184,278 ZEST_KEYs so far) -> /home/jag/payment-processor-research/payment_processing_research_data/equifax/train/processed_old/part-079.parquet
  saved group 81/100 processed (2,211,623 ZEST_KEYs so far) -> /home/jag/payment-processor-research/payment_processing_research_data/equifax/train/processed_old/part-080.parquet
  saved group 82/100 processed (2,238,698 ZEST_KEYs so far) -> /home/jag/payment-processor-research/payment_processing_research_data/equifax/train/processed_old/part-081.parquet
  saved group 83/100 processed (2,265,822 ZEST_KEYs so far) -> /home/jag/payment-processor-research/payment_processing_research_data/equifax/train/processed_old/part-082.parquet
  saved group 84/100 processed (2,293,115 ZEST_KEYs so far) -> /home/jag/payment-processor-research/payment_processing_research_data/equifax/train/processed_old/part-083.parquet
  saved group 85/100 processed (2,320,382 ZEST_KEYs so far) -> /home/jag/payment-processor-research/payment_processing_research_data/equifax/train/processed_old/part-084.parquet
  saved group 86/100 processed (2,347,635 ZEST_KEYs so far) -> /home/jag/payment-processor-research/payment_processing_research_data/equifax/train/processed_old/part-085.parquet
  saved group 87/100 processed (2,375,153 ZEST_KEYs so far) -> /home/jag/payment-processor-research/payment_processing_research_data/equifax/train/processed_old/part-086.parquet
  saved group 88/100 processed (2,402,456 ZEST_KEYs so far) -> /home/jag/payment-processor-research/payment_processing_research_data/equifax/train/processed_old/part-087.parquet
  saved group 89/100 processed (2,430,033 ZEST_KEYs so far) -> /home/jag/payment-processor-research/payment_processing_research_data/equifax/train/processed_old/part-088.parquet
  saved group 90/100 processed (2,457,250 ZEST_KEYs so far) -> /home/jag/payment-processor-research/payment_processing_research_data/equifax/train/processed_old/part-089.parquet
  saved group 91/100 processed (2,484,558 ZEST_KEYs so far) -> /home/jag/payment-processor-research/payment_processing_research_data/equifax/train/processed_old/part-090.parquet
  saved group 92/100 processed (2,512,137 ZEST_KEYs so far) -> /home/jag/payment-processor-research/payment_processing_research_data/equifax/train/processed_old/part-091.parquet
  saved group 93/100 processed (2,539,755 ZEST_KEYs so far) -> /home/jag/payment-processor-research/payment_processing_research_data/equifax/train/processed_old/part-092.parquet
  saved group 94/100 processed (2,567,104 ZEST_KEYs so far) -> /home/jag/payment-processor-research/payment_processing_research_data/equifax/train/processed_old/part-093.parquet
  saved group 95/100 processed (2,594,669 ZEST_KEYs so far) -> /home/jag/payment-processor-research/payment_processing_research_data/equifax/train/processed_old/part-094.parquet
  saved group 96/100 processed (2,621,695 ZEST_KEYs so far) -> /home/jag/payment-processor-research/payment_processing_research_data/equifax/train/processed_old/part-095.parquet
  saved group 97/100 processed (2,649,052 ZEST_KEYs so far) -> /home/jag/payment-processor-research/payment_processing_research_data/equifax/train/processed_old/part-096.parquet
  saved group 98/100 processed (2,676,523 ZEST_KEYs so far) -> /home/jag/payment-processor-research/payment_processing_research_data/equifax/train/processed_old/part-097.parquet
  saved group 99/100 processed (2,703,835 ZEST_KEYs so far) -> /home/jag/payment-processor-research/payment_processing_research_data/equifax/train/processed_old/part-098.parquet
  saved group 100/100 processed (2,731,269 ZEST_KEYs so far) -> /home/jag/payment-processor-research/payment_processing_research_data/equifax/train/processed_old/part-099.parquet
[equifax/train]  done: 582 normalized chunks, 100 processed groups, 2,731,269 ZEST_KEYs
   normalized -> /home/jag/payment-processor-research/payment_processing_research_data/equifax/train/normalized_old
   processed  -> /home/jag/payment-processor-research/payment_processing_research_data/equifax/train/processed_old

=== experian/train ===
[experian/train]  phase 1: map + preprocess (443 chunks) -> /home/jag/payment-processor-research/payment_processing_research_data/experian/train/normalized_old
  saved 1/443 normalized -> /home/jag/payment-processor-research/payment_processing_research_data/experian/train/normalized_old/part-00000.parquet
  saved 2/443 normalized -> /home/jag/payment-processor-research/payment_processing_research_data/experian/train/normalized_old/part-00001.parquet
  saved 3/443 normalized -> /home/jag/payment-processor-research/payment_processing_research_data/experian/train/normalized_old/part-00002.parquet
  saved 4/443 normalized -> /home/jag/payment-processor-research/payment_processing_research_data/experian/train/normalized_old/part-00003.parquet
  saved 5/443 normalized -> /home/jag/payment-processor-research/payment_processing_research_data/experian/train/normalized_old/part-00004.parquet
  saved 6/443 normalized -> /home/jag/payment-processor-research/payment_processing_research_data/experian/train/normalized_old/part-00005.parquet
  saved 7/443 normalized -> /home/jag/payment-processor-research/payment_processing_research_data/experian/train/normalized_old/part-00006.parquet
  saved 8/443 normalized -> /home/jag/payment-processor-research/payment_processing_research_data/experian/train/normalized_old/part-00007.parquet
  saved 9/443 normalized -> /home/jag/payment-processor-research/payment_processing_research_data/experian/train/normalized_old/part-00008.parquet
  saved 10/443 normalized -> /home/jag/payment-processor-research/payment_processing_research_data/experian/train/normalized_old/part-00009.parquet
  saved 11/443 normalized -> /home/jag/payment-processor-research/payment_processing_research_data/experian/train/normalized_old/part-00010.parquet
  saved 12/443 normalized -> /home/jag/payment-processor-research/payment_processing_research_data/experian/train/normalized_old/part-00011.parquet
  saved 13/443 normalized -> /home/jag/payment-processor-research/payment_processing_research_data/experian/train/normalized_old/part-00012.parquet
  saved 14/443 normalized -> /home/jag/payment-processor-research/payment_processing_research_data/experian/train/normalized_old/part-00013.parquet
  saved 15/443 normalized -> /home/jag/payment-processor-research/payment_processing_research_data/experian/train/normalized_old/part-00014.parquet
  saved 16/443 normalized -> /home/jag/payment-processor-research/payment_processing_research_data/experian/train/normalized_old/part-00015.parquet
  saved 17/443 normalized -> /home/jag/payment-processor-research/payment_processing_research_data/experian/train/normalized_old/part-00016.parquet
  saved 18/443 normalized -> /home/jag/payment-processor-research/payment_processing_research_data/experian/train/normalized_old/part-00017.parquet
  saved 19/443 normalized -> /home/jag/payment-processor-research/payment_processing_research_data/experian/train/normalized_old/part-00018.parquet
  saved 20/443 normalized -> /home/jag/payment-processor-research/payment_processing_research_data/experian/train/normalized_old/part-00019.parquet
  saved 21/443 normalized -> /home/jag/payment-processor-research/payment_processing_research_data/experian/train/normalized_old/part-00020.parquet
  saved 22/443 normalized -> /home/jag/payment-processor-research/payment_processing_research_data/experian/train/normalized_old/part-00021.parquet
  saved 23/443 normalized -> /home/jag/payment-processor-research/payment_processing_research_data/experian/train/normalized_old/part-00022.parquet
  saved 24/443 normalized -> /home/jag/payment-processor-research/payment_processing_research_data/experian/train/normalized_old/part-00023.parquet
  saved 25/443 normalized -> /home/jag/payment-processor-research/payment_processing_research_data/experian/train/normalized_old/part-00024.parquet
  saved 26/443 normalized -> /home/jag/payment-processor-research/payment_processing_research_data/experian/train/normalized_old/part-00025.parquet
  saved 27/443 normalized -> /home/jag/payment-processor-research/payment_processing_research_data/experian/train/normalized_old/part-00026.parquet
  saved 28/443 normalized -> /home/jag/payment-processor-research/payment_processing_research_data/experian/train/normalized_old/part-00027.parquet
  saved 29/443 normalized -> /home/jag/payment-processor-research/payment_processing_research_data/experian/train/normalized_old/part-00028.parquet
  saved 30/443 normalized -> /home/jag/payment-processor-research/payment_processing_research_data/experian/train/normalized_old/part-00029.parquet
  saved 31/443 normalized -> /home/jag/payment-processor-research/payment_processing_research_data/experian/train/normalized_old/part-00030.parquet
  saved 32/443 normalized -> /home/jag/payment-processor-research/payment_processing_research_data/experian/train/normalized_old/part-00031.parquet
  saved 33/443 normalized -> /home/jag/payment-processor-research/payment_processing_research_data/experian/train/normalized_old/part-00032.parquet
  saved 34/443 normalized -> /home/jag/payment-processor-research/payment_processing_research_data/experian/train/normalized_old/part-00033.parquet
  saved 35/443 normalized -> /home/jag/payment-processor-research/payment_processing_research_data/experian/train/normalized_old/part-00034.parquet
  saved 36/443 normalized -> /home/jag/payment-processor-research/payment_processing_research_data/experian/train/normalized_old/part-00035.parquet
  saved 37/443 normalized -> /home/jag/payment-processor-research/payment_processing_research_data/experian/train/normalized_old/part-00036.parquet
  saved 38/443 normalized -> /home/jag/payment-processor-research/payment_processing_research_data/experian/train/normalized_old/part-00037.parquet
  saved 39/443 normalized -> /home/jag/payment-processor-research/payment_processing_research_data/experian/train/normalized_old/part-00038.parquet
  saved 40/443 normalized -> /home/jag/payment-processor-research/payment_processing_research_data/experian/train/normalized_old/part-00039.parquet
  saved 41/443 normalized -> /home/jag/payment-processor-research/payment_processing_research_data/experian/train/normalized_old/part-00040.parquet
  saved 42/443 normalized -> /home/jag/payment-processor-research/payment_processing_research_data/experian/train/normalized_old/part-00041.parquet
  saved 43/443 normalized -> /home/jag/payment-processor-research/payment_processing_research_data/experian/train/normalized_old/part-00042.parquet
  saved 44/443 normalized -> /home/jag/payment-processor-research/payment_processing_research_data/experian/train/normalized_old/part-00043.parquet
  saved 45/443 normalized -> /home/jag/payment-processor-research/payment_processing_research_data/experian/train/normalized_old/part-00044.parquet
  saved 46/443 normalized -> /home/jag/payment-processor-research/payment_processing_research_data/experian/train/normalized_old/part-00045.parquet
  saved 47/443 normalized -> /home/jag/payment-processor-research/payment_processing_research_data/experian/train/normalized_old/part-00046.parquet
  saved 48/443 normalized -> /home/jag/payment-processor-research/payment_processing_research_data/experian/train/normalized_old/part-00047.parquet
  saved 49/443 normalized -> /home/jag/payment-processor-research/payment_processing_research_data/experian/train/normalized_old/part-00048.parquet
  saved 50/443 normalized -> /home/jag/payment-processor-research/payment_processing_research_data/experian/train/normalized_old/part-00049.parquet
  saved 51/443 normalized -> /home/jag/payment-processor-research/payment_processing_research_data/experian/train/normalized_old/part-00050.parquet
  saved 52/443 normalized -> /home/jag/payment-processor-research/payment_processing_research_data/experian/train/normalized_old/part-00051.parquet
  saved 53/443 normalized -> /home/jag/payment-processor-research/payment_processing_research_data/experian/train/normalized_old/part-00052.parquet
  saved 54/443 normalized -> /home/jag/payment-processor-research/payment_processing_research_data/experian/train/normalized_old/part-00053.parquet
  saved 55/443 normalized -> /home/jag/payment-processor-research/payment_processing_research_data/experian/train/normalized_old/part-00054.parquet
  saved 56/443 normalized -> /home/jag/payment-processor-research/payment_processing_research_data/experian/train/normalized_old/part-00055.parquet
  saved 57/443 normalized -> /home/jag/payment-processor-research/payment_processing_research_data/experian/train/normalized_old/part-00056.parquet
  saved 58/443 normalized -> /home/jag/payment-processor-research/payment_processing_research_data/experian/train/normalized_old/part-00057.parquet
  saved 59/443 normalized -> /home/jag/payment-processor-research/payment_processing_research_data/experian/train/normalized_old/part-00058.parquet
  saved 60/443 normalized -> /home/jag/payment-processor-research/payment_processing_research_data/experian/train/normalized_old/part-00059.parquet
  saved 61/443 normalized -> /home/jag/payment-processor-research/payment_processing_research_data/experian/train/normalized_old/part-00060.parquet
  saved 62/443 normalized -> /home/jag/payment-processor-research/payment_processing_research_data/experian/train/normalized_old/part-00061.parquet
  saved 63/443 normalized -> /home/jag/payment-processor-research/payment_processing_research_data/experian/train/normalized_old/part-00062.parquet
  saved 64/443 normalized -> /home/jag/payment-processor-research/payment_processing_research_data/experian/train/normalized_old/part-00063.parquet
  saved 65/443 normalized -> /home/jag/payment-processor-research/payment_processing_research_data/experian/train/normalized_old/part-00064.parquet
  saved 66/443 normalized -> /home/jag/payment-processor-research/payment_processing_research_data/experian/train/normalized_old/part-00065.parquet
  saved 67/443 normalized -> /home/jag/payment-processor-research/payment_processing_research_data/experian/train/normalized_old/part-00066.parquet
  saved 68/443 normalized -> /home/jag/payment-processor-research/payment_processing_research_data/experian/train/normalized_old/part-00067.parquet
  saved 69/443 normalized -> /home/jag/payment-processor-research/payment_processing_research_data/experian/train/normalized_old/part-00068.parquet
  saved 70/443 normalized -> /home/jag/payment-processor-research/payment_processing_research_data/experian/train/normalized_old/part-00069.parquet
  saved 71/443 normalized -> /home/jag/payment-processor-research/payment_processing_research_data/experian/train/normalized_old/part-00070.parquet
  saved 72/443 normalized -> /home/jag/payment-processor-research/payment_processing_research_data/experian/train/normalized_old/part-00071.parquet
  saved 73/443 normalized -> /home/jag/payment-processor-research/payment_processing_research_data/experian/train/normalized_old/part-00072.parquet
  saved 74/443 normalized -> /home/jag/payment-processor-research/payment_processing_research_data/experian/train/normalized_old/part-00073.parquet
  saved 75/443 normalized -> /home/jag/payment-processor-research/payment_processing_research_data/experian/train/normalized_old/part-00074.parquet
  saved 76/443 normalized -> /home/jag/payment-processor-research/payment_processing_research_data/experian/train/normalized_old/part-00075.parquet
  saved 77/443 normalized -> /home/jag/payment-processor-research/payment_processing_research_data/experian/train/normalized_old/part-00076.parquet
  saved 78/443 normalized -> /home/jag/payment-processor-research/payment_processing_research_data/experian/train/normalized_old/part-00077.parquet
  saved 79/443 normalized -> /home/jag/payment-processor-research/payment_processing_research_data/experian/train/normalized_old/part-00078.parquet
  saved 80/443 normalized -> /home/jag/payment-processor-research/payment_processing_research_data/experian/train/normalized_old/part-00079.parquet
  saved 81/443 normalized -> /home/jag/payment-processor-research/payment_processing_research_data/experian/train/normalized_old/part-00080.parquet
  saved 82/443 normalized -> /home/jag/payment-processor-research/payment_processing_research_data/experian/train/normalized_old/part-00081.parquet
  saved 83/443 normalized -> /home/jag/payment-processor-research/payment_processing_research_data/experian/train/normalized_old/part-00082.parquet
  saved 84/443 normalized -> /home/jag/payment-processor-research/payment_processing_research_data/experian/train/normalized_old/part-00083.parquet
  saved 85/443 normalized -> /home/jag/payment-processor-research/payment_processing_research_data/experian/train/normalized_old/part-00084.parquet
  saved 86/443 normalized -> /home/jag/payment-processor-research/payment_processing_research_data/experian/train/normalized_old/part-00085.parquet
  saved 87/443 normalized -> /home/jag/payment-processor-research/payment_processing_research_data/experian/train/normalized_old/part-00086.parquet
  saved 88/443 normalized -> /home/jag/payment-processor-research/payment_processing_research_data/experian/train/normalized_old/part-00087.parquet
  saved 89/443 normalized -> /home/jag/payment-processor-research/payment_processing_research_data/experian/train/normalized_old/part-00088.parquet
  saved 90/443 normalized -> /home/jag/payment-processor-research/payment_processing_research_data/experian/train/normalized_old/part-00089.parquet
  saved 91/443 normalized -> /home/jag/payment-processor-research/payment_processing_research_data/experian/train/normalized_old/part-00090.parquet
  saved 92/443 normalized -> /home/jag/payment-processor-research/payment_processing_research_data/experian/train/normalized_old/part-00091.parquet
  saved 93/443 normalized -> /home/jag/payment-processor-research/payment_processing_research_data/experian/train/normalized_old/part-00092.parquet
  saved 94/443 normalized -> /home/jag/payment-processor-research/payment_processing_research_data/experian/train/normalized_old/part-00093.parquet
  saved 95/443 normalized -> /home/jag/payment-processor-research/payment_processing_research_data/experian/train/normalized_old/part-00094.parquet
  saved 96/443 normalized -> /home/jag/payment-processor-research/payment_processing_research_data/experian/train/normalized_old/part-00095.parquet
  saved 97/443 normalized -> /home/jag/payment-processor-research/payment_processing_research_data/experian/train/normalized_old/part-00096.parquet
  saved 98/443 normalized -> /home/jag/payment-processor-research/payment_processing_research_data/experian/train/normalized_old/part-00097.parquet
  saved 99/443 normalized -> /home/jag/payment-processor-research/payment_processing_research_data/experian/train/normalized_old/part-00098.parquet
  saved 100/443 normalized -> /home/jag/payment-processor-research/payment_processing_research_data/experian/train/normalized_old/part-00099.parquet
  saved 101/443 normalized -> /home/jag/payment-processor-research/payment_processing_research_data/experian/train/normalized_old/part-00100.parquet
  saved 102/443 normalized -> /home/jag/payment-processor-research/payment_processing_research_data/experian/train/normalized_old/part-00101.parquet
  saved 103/443 normalized -> /home/jag/payment-processor-research/payment_processing_research_data/experian/train/normalized_old/part-00102.parquet
  saved 104/443 normalized -> /home/jag/payment-processor-research/payment_processing_research_data/experian/train/normalized_old/part-00103.parquet
  saved 105/443 normalized -> /home/jag/payment-processor-research/payment_processing_research_data/experian/train/normalized_old/part-00104.parquet
  saved 106/443 normalized -> /home/jag/payment-processor-research/payment_processing_research_data/experian/train/normalized_old/part-00105.parquet
  saved 107/443 normalized -> /home/jag/payment-processor-research/payment_processing_research_data/experian/train/normalized_old/part-00106.parquet
  saved 108/443 normalized -> /home/jag/payment-processor-research/payment_processing_research_data/experian/train/normalized_old/part-00107.parquet
  saved 109/443 normalized -> /home/jag/payment-processor-research/payment_processing_research_data/experian/train/normalized_old/part-00108.parquet
  saved 110/443 normalized -> /home/jag/payment-processor-research/payment_processing_research_data/experian/train/normalized_old/part-00109.parquet
  saved 111/443 normalized -> /home/jag/payment-processor-research/payment_processing_research_data/experian/train/normalized_old/part-00110.parquet
  saved 112/443 normalized -> /home/jag/payment-processor-research/payment_processing_research_data/experian/train/normalized_old/part-00111.parquet
  saved 113/443 normalized -> /home/jag/payment-processor-research/payment_processing_research_data/experian/train/normalized_old/part-00112.parquet
  saved 114/443 normalized -> /home/jag/payment-processor-research/payment_processing_research_data/experian/train/normalized_old/part-00113.parquet
  saved 115/443 normalized -> /home/jag/payment-processor-research/payment_processing_research_data/experian/train/normalized_old/part-00114.parquet
  saved 116/443 normalized -> /home/jag/payment-processor-research/payment_processing_research_data/experian/train/normalized_old/part-00115.parquet
  saved 117/443 normalized -> /home/jag/payment-processor-research/payment_processing_research_data/experian/train/normalized_old/part-00116.parquet
  saved 118/443 normalized -> /home/jag/payment-processor-research/payment_processing_research_data/experian/train/normalized_old/part-00117.parquet
  saved 119/443 normalized -> /home/jag/payment-processor-research/payment_processing_research_data/experian/train/normalized_old/part-00118.parquet
  saved 120/443 normalized -> /home/jag/payment-processor-research/payment_processing_research_data/experian/train/normalized_old/part-00119.parquet
  saved 121/443 normalized -> /home/jag/payment-processor-research/payment_processing_research_data/experian/train/normalized_old/part-00120.parquet
  saved 122/443 normalized -> /home/jag/payment-processor-research/payment_processing_research_data/experian/train/normalized_old/part-00121.parquet
  saved 123/443 normalized -> /home/jag/payment-processor-research/payment_processing_research_data/experian/train/normalized_old/part-00122.parquet
  saved 124/443 normalized -> /home/jag/payment-processor-research/payment_processing_research_data/experian/train/normalized_old/part-00123.parquet
  saved 125/443 normalized -> /home/jag/payment-processor-research/payment_processing_research_data/experian/train/normalized_old/part-00124.parquet
  saved 126/443 normalized -> /home/jag/payment-processor-research/payment_processing_research_data/experian/train/normalized_old/part-00125.parquet
  saved 127/443 normalized -> /home/jag/payment-processor-research/payment_processing_research_data/experian/train/normalized_old/part-00126.parquet
  saved 128/443 normalized -> /home/jag/payment-processor-research/payment_processing_research_data/experian/train/normalized_old/part-00127.parquet
  saved 129/443 normalized -> /home/jag/payment-processor-research/payment_processing_research_data/experian/train/normalized_old/part-00128.parquet
  saved 130/443 normalized -> /home/jag/payment-processor-research/payment_processing_research_data/experian/train/normalized_old/part-00129.parquet
  saved 131/443 normalized -> /home/jag/payment-processor-research/payment_processing_research_data/experian/train/normalized_old/part-00130.parquet
  saved 132/443 normalized -> /home/jag/payment-processor-research/payment_processing_research_data/experian/train/normalized_old/part-00131.parquet
  saved 133/443 normalized -> /home/jag/payment-processor-research/payment_processing_research_data/experian/train/normalized_old/part-00132.parquet
  saved 134/443 normalized -> /home/jag/payment-processor-research/payment_processing_research_data/experian/train/normalized_old/part-00133.parquet
  saved 135/443 normalized -> /home/jag/payment-processor-research/payment_processing_research_data/experian/train/normalized_old/part-00134.parquet
  saved 136/443 normalized -> /home/jag/payment-processor-research/payment_processing_research_data/experian/train/normalized_old/part-00135.parquet
  saved 137/443 normalized -> /home/jag/payment-processor-research/payment_processing_research_data/experian/train/normalized_old/part-00136.parquet
  saved 138/443 normalized -> /home/jag/payment-processor-research/payment_processing_research_data/experian/train/normalized_old/part-00137.parquet
  saved 139/443 normalized -> /home/jag/payment-processor-research/payment_processing_research_data/experian/train/normalized_old/part-00138.parquet
  saved 140/443 normalized -> /home/jag/payment-processor-research/payment_processing_research_data/experian/train/normalized_old/part-00139.parquet
  saved 141/443 normalized -> /home/jag/payment-processor-research/payment_processing_research_data/experian/train/normalized_old/part-00140.parquet
  saved 142/443 normalized -> /home/jag/payment-processor-research/payment_processing_research_data/experian/train/normalized_old/part-00141.parquet
  saved 143/443 normalized -> /home/jag/payment-processor-research/payment_processing_research_data/experian/train/normalized_old/part-00142.parquet
  saved 144/443 normalized -> /home/jag/payment-processor-research/payment_processing_research_data/experian/train/normalized_old/part-00143.parquet
  saved 145/443 normalized -> /home/jag/payment-processor-research/payment_processing_research_data/experian/train/normalized_old/part-00144.parquet
  saved 146/443 normalized -> /home/jag/payment-processor-research/payment_processing_research_data/experian/train/normalized_old/part-00145.parquet
  saved 147/443 normalized -> /home/jag/payment-processor-research/payment_processing_research_data/experian/train/normalized_old/part-00146.parquet
  saved 148/443 normalized -> /home/jag/payment-processor-research/payment_processing_research_data/experian/train/normalized_old/part-00147.parquet
  saved 149/443 normalized -> /home/jag/payment-processor-research/payment_processing_research_data/experian/train/normalized_old/part-00148.parquet
  saved 150/443 normalized -> /home/jag/payment-processor-research/payment_processing_research_data/experian/train/normalized_old/part-00149.parquet
  saved 151/443 normalized -> /home/jag/payment-processor-research/payment_processing_research_data/experian/train/normalized_old/part-00150.parquet
  saved 152/443 normalized -> /home/jag/payment-processor-research/payment_processing_research_data/experian/train/normalized_old/part-00151.parquet
  saved 153/443 normalized -> /home/jag/payment-processor-research/payment_processing_research_data/experian/train/normalized_old/part-00152.parquet
  saved 154/443 normalized -> /home/jag/payment-processor-research/payment_processing_research_data/experian/train/normalized_old/part-00153.parquet
  saved 155/443 normalized -> /home/jag/payment-processor-research/payment_processing_research_data/experian/train/normalized_old/part-00154.parquet
  saved 156/443 normalized -> /home/jag/payment-processor-research/payment_processing_research_data/experian/train/normalized_old/part-00155.parquet
  saved 157/443 normalized -> /home/jag/payment-processor-research/payment_processing_research_data/experian/train/normalized_old/part-00156.parquet
  saved 158/443 normalized -> /home/jag/payment-processor-research/payment_processing_research_data/experian/train/normalized_old/part-00157.parquet
  saved 159/443 normalized -> /home/jag/payment-processor-research/payment_processing_research_data/experian/train/normalized_old/part-00158.parquet
  saved 160/443 normalized -> /home/jag/payment-processor-research/payment_processing_research_data/experian/train/normalized_old/part-00159.parquet
  saved 161/443 normalized -> /home/jag/payment-processor-research/payment_processing_research_data/experian/train/normalized_old/part-00160.parquet
  saved 162/443 normalized -> /home/jag/payment-processor-research/payment_processing_research_data/experian/train/normalized_old/part-00161.parquet
  saved 163/443 normalized -> /home/jag/payment-processor-research/payment_processing_research_data/experian/train/normalized_old/part-00162.parquet
  saved 164/443 normalized -> /home/jag/payment-processor-research/payment_processing_research_data/experian/train/normalized_old/part-00163.parquet
  saved 165/443 normalized -> /home/jag/payment-processor-research/payment_processing_research_data/experian/train/normalized_old/part-00164.parquet
  saved 166/443 normalized -> /home/jag/payment-processor-research/payment_processing_research_data/experian/train/normalized_old/part-00165.parquet
  saved 167/443 normalized -> /home/jag/payment-processor-research/payment_processing_research_data/experian/train/normalized_old/part-00166.parquet
  saved 168/443 normalized -> /home/jag/payment-processor-research/payment_processing_research_data/experian/train/normalized_old/part-00167.parquet
  saved 169/443 normalized -> /home/jag/payment-processor-research/payment_processing_research_data/experian/train/normalized_old/part-00168.parquet
  saved 170/443 normalized -> /home/jag/payment-processor-research/payment_processing_research_data/experian/train/normalized_old/part-00169.parquet
  saved 171/443 normalized -> /home/jag/payment-processor-research/payment_processing_research_data/experian/train/normalized_old/part-00170.parquet
  saved 172/443 normalized -> /home/jag/payment-processor-research/payment_processing_research_data/experian/train/normalized_old/part-00171.parquet
  saved 173/443 normalized -> /home/jag/payment-processor-research/payment_processing_research_data/experian/train/normalized_old/part-00172.parquet
  saved 174/443 normalized -> /home/jag/payment-processor-research/payment_processing_research_data/experian/train/normalized_old/part-00173.parquet
  saved 175/443 normalized -> /home/jag/payment-processor-research/payment_processing_research_data/experian/train/normalized_old/part-00174.parquet
  saved 176/443 normalized -> /home/jag/payment-processor-research/payment_processing_research_data/experian/train/normalized_old/part-00175.parquet
  saved 177/443 normalized -> /home/jag/payment-processor-research/payment_processing_research_data/experian/train/normalized_old/part-00176.parquet
  saved 178/443 normalized -> /home/jag/payment-processor-research/payment_processing_research_data/experian/train/normalized_old/part-00177.parquet
  saved 179/443 normalized -> /home/jag/payment-processor-research/payment_processing_research_data/experian/train/normalized_old/part-00178.parquet
  saved 180/443 normalized -> /home/jag/payment-processor-research/payment_processing_research_data/experian/train/normalized_old/part-00179.parquet
  saved 181/443 normalized -> /home/jag/payment-processor-research/payment_processing_research_data/experian/train/normalized_old/part-00180.parquet
  saved 182/443 normalized -> /home/jag/payment-processor-research/payment_processing_research_data/experian/train/normalized_old/part-00181.parquet
  saved 183/443 normalized -> /home/jag/payment-processor-research/payment_processing_research_data/experian/train/normalized_old/part-00182.parquet
  saved 184/443 normalized -> /home/jag/payment-processor-research/payment_processing_research_data/experian/train/normalized_old/part-00183.parquet
  saved 185/443 normalized -> /home/jag/payment-processor-research/payment_processing_research_data/experian/train/normalized_old/part-00184.parquet
  saved 186/443 normalized -> /home/jag/payment-processor-research/payment_processing_research_data/experian/train/normalized_old/part-00185.parquet
  saved 187/443 normalized -> /home/jag/payment-processor-research/payment_processing_research_data/experian/train/normalized_old/part-00186.parquet
  saved 188/443 normalized -> /home/jag/payment-processor-research/payment_processing_research_data/experian/train/normalized_old/part-00187.parquet
  saved 189/443 normalized -> /home/jag/payment-processor-research/payment_processing_research_data/experian/train/normalized_old/part-00188.parquet
  saved 190/443 normalized -> /home/jag/payment-processor-research/payment_processing_research_data/experian/train/normalized_old/part-00189.parquet
  saved 191/443 normalized -> /home/jag/payment-processor-research/payment_processing_research_data/experian/train/normalized_old/part-00190.parquet
  saved 192/443 normalized -> /home/jag/payment-processor-research/payment_processing_research_data/experian/train/normalized_old/part-00191.parquet
  saved 193/443 normalized -> /home/jag/payment-processor-research/payment_processing_research_data/experian/train/normalized_old/part-00192.parquet
  saved 194/443 normalized -> /home/jag/payment-processor-research/payment_processing_research_data/experian/train/normalized_old/part-00193.parquet
  saved 195/443 normalized -> /home/jag/payment-processor-research/payment_processing_research_data/experian/train/normalized_old/part-00194.parquet
  saved 196/443 normalized -> /home/jag/payment-processor-research/payment_processing_research_data/experian/train/normalized_old/part-00195.parquet
  saved 197/443 normalized -> /home/jag/payment-processor-research/payment_processing_research_data/experian/train/normalized_old/part-00196.parquet
  saved 198/443 normalized -> /home/jag/payment-processor-research/payment_processing_research_data/experian/train/normalized_old/part-00197.parquet
  saved 199/443 normalized -> /home/jag/payment-processor-research/payment_processing_research_data/experian/train/normalized_old/part-00198.parquet
  saved 200/443 normalized -> /home/jag/payment-processor-research/payment_processing_research_data/experian/train/normalized_old/part-00199.parquet
  saved 201/443 normalized -> /home/jag/payment-processor-research/payment_processing_research_data/experian/train/normalized_old/part-00200.parquet
  saved 202/443 normalized -> /home/jag/payment-processor-research/payment_processing_research_data/experian/train/normalized_old/part-00201.parquet
  saved 203/443 normalized -> /home/jag/payment-processor-research/payment_processing_research_data/experian/train/normalized_old/part-00202.parquet
  saved 204/443 normalized -> /home/jag/payment-processor-research/payment_processing_research_data/experian/train/normalized_old/part-00203.parquet
  saved 205/443 normalized -> /home/jag/payment-processor-research/payment_processing_research_data/experian/train/normalized_old/part-00204.parquet
  saved 206/443 normalized -> /home/jag/payment-processor-research/payment_processing_research_data/experian/train/normalized_old/part-00205.parquet
  saved 207/443 normalized -> /home/jag/payment-processor-research/payment_processing_research_data/experian/train/normalized_old/part-00206.parquet
  saved 208/443 normalized -> /home/jag/payment-processor-research/payment_processing_research_data/experian/train/normalized_old/part-00207.parquet
  saved 209/443 normalized -> /home/jag/payment-processor-research/payment_processing_research_data/experian/train/normalized_old/part-00208.parquet
  saved 210/443 normalized -> /home/jag/payment-processor-research/payment_processing_research_data/experian/train/normalized_old/part-00209.parquet
  saved 211/443 normalized -> /home/jag/payment-processor-research/payment_processing_research_data/experian/train/normalized_old/part-00210.parquet
  saved 212/443 normalized -> /home/jag/payment-processor-research/payment_processing_research_data/experian/train/normalized_old/part-00211.parquet
  saved 213/443 normalized -> /home/jag/payment-processor-research/payment_processing_research_data/experian/train/normalized_old/part-00212.parquet
  saved 214/443 normalized -> /home/jag/payment-processor-research/payment_processing_research_data/experian/train/normalized_old/part-00213.parquet
  saved 215/443 normalized -> /home/jag/payment-processor-research/payment_processing_research_data/experian/train/normalized_old/part-00214.parquet
  saved 216/443 normalized -> /home/jag/payment-processor-research/payment_processing_research_data/experian/train/normalized_old/part-00215.parquet
  saved 217/443 normalized -> /home/jag/payment-processor-research/payment_processing_research_data/experian/train/normalized_old/part-00216.parquet
  saved 218/443 normalized -> /home/jag/payment-processor-research/payment_processing_research_data/experian/train/normalized_old/part-00217.parquet
  saved 219/443 normalized -> /home/jag/payment-processor-research/payment_processing_research_data/experian/train/normalized_old/part-00218.parquet
  saved 220/443 normalized -> /home/jag/payment-processor-research/payment_processing_research_data/experian/train/normalized_old/part-00219.parquet
  saved 221/443 normalized -> /home/jag/payment-processor-research/payment_processing_research_data/experian/train/normalized_old/part-00220.parquet
  saved 222/443 normalized -> /home/jag/payment-processor-research/payment_processing_research_data/experian/train/normalized_old/part-00221.parquet
  saved 223/443 normalized -> /home/jag/payment-processor-research/payment_processing_research_data/experian/train/normalized_old/part-00222.parquet
  saved 224/443 normalized -> /home/jag/payment-processor-research/payment_processing_research_data/experian/train/normalized_old/part-00223.parquet
  saved 225/443 normalized -> /home/jag/payment-processor-research/payment_processing_research_data/experian/train/normalized_old/part-00224.parquet
  saved 226/443 normalized -> /home/jag/payment-processor-research/payment_processing_research_data/experian/train/normalized_old/part-00225.parquet
  saved 227/443 normalized -> /home/jag/payment-processor-research/payment_processing_research_data/experian/train/normalized_old/part-00226.parquet
  saved 228/443 normalized -> /home/jag/payment-processor-research/payment_processing_research_data/experian/train/normalized_old/part-00227.parquet
  saved 229/443 normalized -> /home/jag/payment-processor-research/payment_processing_research_data/experian/train/normalized_old/part-00228.parquet
  saved 230/443 normalized -> /home/jag/payment-processor-research/payment_processing_research_data/experian/train/normalized_old/part-00229.parquet
  saved 231/443 normalized -> /home/jag/payment-processor-research/payment_processing_research_data/experian/train/normalized_old/part-00230.parquet
  saved 232/443 normalized -> /home/jag/payment-processor-research/payment_processing_research_data/experian/train/normalized_old/part-00231.parquet
  saved 233/443 normalized -> /home/jag/payment-processor-research/payment_processing_research_data/experian/train/normalized_old/part-00232.parquet
  saved 234/443 normalized -> /home/jag/payment-processor-research/payment_processing_research_data/experian/train/normalized_old/part-00233.parquet
  saved 235/443 normalized -> /home/jag/payment-processor-research/payment_processing_research_data/experian/train/normalized_old/part-00234.parquet
  saved 236/443 normalized -> /home/jag/payment-processor-research/payment_processing_research_data/experian/train/normalized_old/part-00235.parquet
  saved 237/443 normalized -> /home/jag/payment-processor-research/payment_processing_research_data/experian/train/normalized_old/part-00236.parquet
  saved 238/443 normalized -> /home/jag/payment-processor-research/payment_processing_research_data/experian/train/normalized_old/part-00237.parquet
  saved 239/443 normalized -> /home/jag/payment-processor-research/payment_processing_research_data/experian/train/normalized_old/part-00238.parquet
  saved 240/443 normalized -> /home/jag/payment-processor-research/payment_processing_research_data/experian/train/normalized_old/part-00239.parquet
  saved 241/443 normalized -> /home/jag/payment-processor-research/payment_processing_research_data/experian/train/normalized_old/part-00240.parquet
  saved 242/443 normalized -> /home/jag/payment-processor-research/payment_processing_research_data/experian/train/normalized_old/part-00241.parquet
  saved 243/443 normalized -> /home/jag/payment-processor-research/payment_processing_research_data/experian/train/normalized_old/part-00242.parquet
  saved 244/443 normalized -> /home/jag/payment-processor-research/payment_processing_research_data/experian/train/normalized_old/part-00243.parquet
  saved 245/443 normalized -> /home/jag/payment-processor-research/payment_processing_research_data/experian/train/normalized_old/part-00244.parquet
  saved 246/443 normalized -> /home/jag/payment-processor-research/payment_processing_research_data/experian/train/normalized_old/part-00245.parquet
  saved 247/443 normalized -> /home/jag/payment-processor-research/payment_processing_research_data/experian/train/normalized_old/part-00246.parquet
  saved 248/443 normalized -> /home/jag/payment-processor-research/payment_processing_research_data/experian/train/normalized_old/part-00247.parquet
  saved 249/443 normalized -> /home/jag/payment-processor-research/payment_processing_research_data/experian/train/normalized_old/part-00248.parquet
  saved 250/443 normalized -> /home/jag/payment-processor-research/payment_processing_research_data/experian/train/normalized_old/part-00249.parquet
  saved 251/443 normalized -> /home/jag/payment-processor-research/payment_processing_research_data/experian/train/normalized_old/part-00250.parquet
  saved 252/443 normalized -> /home/jag/payment-processor-research/payment_processing_research_data/experian/train/normalized_old/part-00251.parquet
  saved 253/443 normalized -> /home/jag/payment-processor-research/payment_processing_research_data/experian/train/normalized_old/part-00252.parquet
  saved 254/443 normalized -> /home/jag/payment-processor-research/payment_processing_research_data/experian/train/normalized_old/part-00253.parquet
  saved 255/443 normalized -> /home/jag/payment-processor-research/payment_processing_research_data/experian/train/normalized_old/part-00254.parquet
  saved 256/443 normalized -> /home/jag/payment-processor-research/payment_processing_research_data/experian/train/normalized_old/part-00255.parquet
  saved 257/443 normalized -> /home/jag/payment-processor-research/payment_processing_research_data/experian/train/normalized_old/part-00256.parquet
  saved 258/443 normalized -> /home/jag/payment-processor-research/payment_processing_research_data/experian/train/normalized_old/part-00257.parquet
  saved 259/443 normalized -> /home/jag/payment-processor-research/payment_processing_research_data/experian/train/normalized_old/part-00258.parquet
  saved 260/443 normalized -> /home/jag/payment-processor-research/payment_processing_research_data/experian/train/normalized_old/part-00259.parquet
  saved 261/443 normalized -> /home/jag/payment-processor-research/payment_processing_research_data/experian/train/normalized_old/part-00260.parquet
  saved 262/443 normalized -> /home/jag/payment-processor-research/payment_processing_research_data/experian/train/normalized_old/part-00261.parquet
  saved 263/443 normalized -> /home/jag/payment-processor-research/payment_processing_research_data/experian/train/normalized_old/part-00262.parquet
  saved 264/443 normalized -> /home/jag/payment-processor-research/payment_processing_research_data/experian/train/normalized_old/part-00263.parquet
  saved 265/443 normalized -> /home/jag/payment-processor-research/payment_processing_research_data/experian/train/normalized_old/part-00264.parquet
  saved 266/443 normalized -> /home/jag/payment-processor-research/payment_processing_research_data/experian/train/normalized_old/part-00265.parquet
  saved 267/443 normalized -> /home/jag/payment-processor-research/payment_processing_research_data/experian/train/normalized_old/part-00266.parquet
  saved 268/443 normalized -> /home/jag/payment-processor-research/payment_processing_research_data/experian/train/normalized_old/part-00267.parquet
  saved 269/443 normalized -> /home/jag/payment-processor-research/payment_processing_research_data/experian/train/normalized_old/part-00268.parquet
  saved 270/443 normalized -> /home/jag/payment-processor-research/payment_processing_research_data/experian/train/normalized_old/part-00269.parquet
  saved 271/443 normalized -> /home/jag/payment-processor-research/payment_processing_research_data/experian/train/normalized_old/part-00270.parquet
  saved 272/443 normalized -> /home/jag/payment-processor-research/payment_processing_research_data/experian/train/normalized_old/part-00271.parquet
  saved 273/443 normalized -> /home/jag/payment-processor-research/payment_processing_research_data/experian/train/normalized_old/part-00272.parquet
  saved 274/443 normalized -> /home/jag/payment-processor-research/payment_processing_research_data/experian/train/normalized_old/part-00273.parquet
  saved 275/443 normalized -> /home/jag/payment-processor-research/payment_processing_research_data/experian/train/normalized_old/part-00274.parquet
  saved 276/443 normalized -> /home/jag/payment-processor-research/payment_processing_research_data/experian/train/normalized_old/part-00275.parquet
  saved 277/443 normalized -> /home/jag/payment-processor-research/payment_processing_research_data/experian/train/normalized_old/part-00276.parquet
  saved 278/443 normalized -> /home/jag/payment-processor-research/payment_processing_research_data/experian/train/normalized_old/part-00277.parquet
  saved 279/443 normalized -> /home/jag/payment-processor-research/payment_processing_research_data/experian/train/normalized_old/part-00278.parquet
  saved 280/443 normalized -> /home/jag/payment-processor-research/payment_processing_research_data/experian/train/normalized_old/part-00279.parquet
  saved 281/443 normalized -> /home/jag/payment-processor-research/payment_processing_research_data/experian/train/normalized_old/part-00280.parquet
  saved 282/443 normalized -> /home/jag/payment-processor-research/payment_processing_research_data/experian/train/normalized_old/part-00281.parquet
  saved 283/443 normalized -> /home/jag/payment-processor-research/payment_processing_research_data/experian/train/normalized_old/part-00282.parquet
  saved 284/443 normalized -> /home/jag/payment-processor-research/payment_processing_research_data/experian/train/normalized_old/part-00283.parquet
  saved 285/443 normalized -> /home/jag/payment-processor-research/payment_processing_research_data/experian/train/normalized_old/part-00284.parquet
  saved 286/443 normalized -> /home/jag/payment-processor-research/payment_processing_research_data/experian/train/normalized_old/part-00285.parquet
  saved 287/443 normalized -> /home/jag/payment-processor-research/payment_processing_research_data/experian/train/normalized_old/part-00286.parquet
  saved 288/443 normalized -> /home/jag/payment-processor-research/payment_processing_research_data/experian/train/normalized_old/part-00287.parquet
  saved 289/443 normalized -> /home/jag/payment-processor-research/payment_processing_research_data/experian/train/normalized_old/part-00288.parquet
  saved 290/443 normalized -> /home/jag/payment-processor-research/payment_processing_research_data/experian/train/normalized_old/part-00289.parquet
  saved 291/443 normalized -> /home/jag/payment-processor-research/payment_processing_research_data/experian/train/normalized_old/part-00290.parquet
  saved 292/443 normalized -> /home/jag/payment-processor-research/payment_processing_research_data/experian/train/normalized_old/part-00291.parquet
  saved 293/443 normalized -> /home/jag/payment-processor-research/payment_processing_research_data/experian/train/normalized_old/part-00292.parquet
  saved 294/443 normalized -> /home/jag/payment-processor-research/payment_processing_research_data/experian/train/normalized_old/part-00293.parquet
  saved 295/443 normalized -> /home/jag/payment-processor-research/payment_processing_research_data/experian/train/normalized_old/part-00294.parquet
  saved 296/443 normalized -> /home/jag/payment-processor-research/payment_processing_research_data/experian/train/normalized_old/part-00295.parquet
  saved 297/443 normalized -> /home/jag/payment-processor-research/payment_processing_research_data/experian/train/normalized_old/part-00296.parquet
  saved 298/443 normalized -> /home/jag/payment-processor-research/payment_processing_research_data/experian/train/normalized_old/part-00297.parquet
  saved 299/443 normalized -> /home/jag/payment-processor-research/payment_processing_research_data/experian/train/normalized_old/part-00298.parquet
  saved 300/443 normalized -> /home/jag/payment-processor-research/payment_processing_research_data/experian/train/normalized_old/part-00299.parquet
  saved 301/443 normalized -> /home/jag/payment-processor-research/payment_processing_research_data/experian/train/normalized_old/part-00300.parquet
  saved 302/443 normalized -> /home/jag/payment-processor-research/payment_processing_research_data/experian/train/normalized_old/part-00301.parquet
  saved 303/443 normalized -> /home/jag/payment-processor-research/payment_processing_research_data/experian/train/normalized_old/part-00302.parquet
  saved 304/443 normalized -> /home/jag/payment-processor-research/payment_processing_research_data/experian/train/normalized_old/part-00303.parquet
  saved 305/443 normalized -> /home/jag/payment-processor-research/payment_processing_research_data/experian/train/normalized_old/part-00304.parquet
  saved 306/443 normalized -> /home/jag/payment-processor-research/payment_processing_research_data/experian/train/normalized_old/part-00305.parquet
  saved 307/443 normalized -> /home/jag/payment-processor-research/payment_processing_research_data/experian/train/normalized_old/part-00306.parquet
  saved 308/443 normalized -> /home/jag/payment-processor-research/payment_processing_research_data/experian/train/normalized_old/part-00307.parquet
  saved 309/443 normalized -> /home/jag/payment-processor-research/payment_processing_research_data/experian/train/normalized_old/part-00308.parquet
  saved 310/443 normalized -> /home/jag/payment-processor-research/payment_processing_research_data/experian/train/normalized_old/part-00309.parquet
  saved 311/443 normalized -> /home/jag/payment-processor-research/payment_processing_research_data/experian/train/normalized_old/part-00310.parquet
  saved 312/443 normalized -> /home/jag/payment-processor-research/payment_processing_research_data/experian/train/normalized_old/part-00311.parquet
  saved 313/443 normalized -> /home/jag/payment-processor-research/payment_processing_research_data/experian/train/normalized_old/part-00312.parquet
  saved 314/443 normalized -> /home/jag/payment-processor-research/payment_processing_research_data/experian/train/normalized_old/part-00313.parquet
  saved 315/443 normalized -> /home/jag/payment-processor-research/payment_processing_research_data/experian/train/normalized_old/part-00314.parquet
  saved 316/443 normalized -> /home/jag/payment-processor-research/payment_processing_research_data/experian/train/normalized_old/part-00315.parquet
  saved 317/443 normalized -> /home/jag/payment-processor-research/payment_processing_research_data/experian/train/normalized_old/part-00316.parquet
  saved 318/443 normalized -> /home/jag/payment-processor-research/payment_processing_research_data/experian/train/normalized_old/part-00317.parquet
  saved 319/443 normalized -> /home/jag/payment-processor-research/payment_processing_research_data/experian/train/normalized_old/part-00318.parquet
  saved 320/443 normalized -> /home/jag/payment-processor-research/payment_processing_research_data/experian/train/normalized_old/part-00319.parquet
  saved 321/443 normalized -> /home/jag/payment-processor-research/payment_processing_research_data/experian/train/normalized_old/part-00320.parquet
  saved 322/443 normalized -> /home/jag/payment-processor-research/payment_processing_research_data/experian/train/normalized_old/part-00321.parquet
  saved 323/443 normalized -> /home/jag/payment-processor-research/payment_processing_research_data/experian/train/normalized_old/part-00322.parquet
  saved 324/443 normalized -> /home/jag/payment-processor-research/payment_processing_research_data/experian/train/normalized_old/part-00323.parquet
  saved 325/443 normalized -> /home/jag/payment-processor-research/payment_processing_research_data/experian/train/normalized_old/part-00324.parquet
  saved 326/443 normalized -> /home/jag/payment-processor-research/payment_processing_research_data/experian/train/normalized_old/part-00325.parquet
  saved 327/443 normalized -> /home/jag/payment-processor-research/payment_processing_research_data/experian/train/normalized_old/part-00326.parquet
  saved 328/443 normalized -> /home/jag/payment-processor-research/payment_processing_research_data/experian/train/normalized_old/part-00327.parquet
  saved 329/443 normalized -> /home/jag/payment-processor-research/payment_processing_research_data/experian/train/normalized_old/part-00328.parquet
  saved 330/443 normalized -> /home/jag/payment-processor-research/payment_processing_research_data/experian/train/normalized_old/part-00329.parquet
  saved 331/443 normalized -> /home/jag/payment-processor-research/payment_processing_research_data/experian/train/normalized_old/part-00330.parquet
  saved 332/443 normalized -> /home/jag/payment-processor-research/payment_processing_research_data/experian/train/normalized_old/part-00331.parquet
  saved 333/443 normalized -> /home/jag/payment-processor-research/payment_processing_research_data/experian/train/normalized_old/part-00332.parquet
  saved 334/443 normalized -> /home/jag/payment-processor-research/payment_processing_research_data/experian/train/normalized_old/part-00333.parquet
  saved 335/443 normalized -> /home/jag/payment-processor-research/payment_processing_research_data/experian/train/normalized_old/part-00334.parquet
  saved 336/443 normalized -> /home/jag/payment-processor-research/payment_processing_research_data/experian/train/normalized_old/part-00335.parquet
  saved 337/443 normalized -> /home/jag/payment-processor-research/payment_processing_research_data/experian/train/normalized_old/part-00336.parquet
  saved 338/443 normalized -> /home/jag/payment-processor-research/payment_processing_research_data/experian/train/normalized_old/part-00337.parquet
  saved 339/443 normalized -> /home/jag/payment-processor-research/payment_processing_research_data/experian/train/normalized_old/part-00338.parquet
  saved 340/443 normalized -> /home/jag/payment-processor-research/payment_processing_research_data/experian/train/normalized_old/part-00339.parquet
  saved 341/443 normalized -> /home/jag/payment-processor-research/payment_processing_research_data/experian/train/normalized_old/part-00340.parquet
  saved 342/443 normalized -> /home/jag/payment-processor-research/payment_processing_research_data/experian/train/normalized_old/part-00341.parquet
  saved 343/443 normalized -> /home/jag/payment-processor-research/payment_processing_research_data/experian/train/normalized_old/part-00342.parquet
  saved 344/443 normalized -> /home/jag/payment-processor-research/payment_processing_research_data/experian/train/normalized_old/part-00343.parquet
  saved 345/443 normalized -> /home/jag/payment-processor-research/payment_processing_research_data/experian/train/normalized_old/part-00344.parquet
  saved 346/443 normalized -> /home/jag/payment-processor-research/payment_processing_research_data/experian/train/normalized_old/part-00345.parquet
  saved 347/443 normalized -> /home/jag/payment-processor-research/payment_processing_research_data/experian/train/normalized_old/part-00346.parquet
  saved 348/443 normalized -> /home/jag/payment-processor-research/payment_processing_research_data/experian/train/normalized_old/part-00347.parquet
  saved 349/443 normalized -> /home/jag/payment-processor-research/payment_processing_research_data/experian/train/normalized_old/part-00348.parquet
  saved 350/443 normalized -> /home/jag/payment-processor-research/payment_processing_research_data/experian/train/normalized_old/part-00349.parquet
  saved 351/443 normalized -> /home/jag/payment-processor-research/payment_processing_research_data/experian/train/normalized_old/part-00350.parquet
  saved 352/443 normalized -> /home/jag/payment-processor-research/payment_processing_research_data/experian/train/normalized_old/part-00351.parquet
  saved 353/443 normalized -> /home/jag/payment-processor-research/payment_processing_research_data/experian/train/normalized_old/part-00352.parquet
  saved 354/443 normalized -> /home/jag/payment-processor-research/payment_processing_research_data/experian/train/normalized_old/part-00353.parquet
  saved 355/443 normalized -> /home/jag/payment-processor-research/payment_processing_research_data/experian/train/normalized_old/part-00354.parquet
  saved 356/443 normalized -> /home/jag/payment-processor-research/payment_processing_research_data/experian/train/normalized_old/part-00355.parquet
  saved 357/443 normalized -> /home/jag/payment-processor-research/payment_processing_research_data/experian/train/normalized_old/part-00356.parquet
  saved 358/443 normalized -> /home/jag/payment-processor-research/payment_processing_research_data/experian/train/normalized_old/part-00357.parquet
  saved 359/443 normalized -> /home/jag/payment-processor-research/payment_processing_research_data/experian/train/normalized_old/part-00358.parquet
  saved 360/443 normalized -> /home/jag/payment-processor-research/payment_processing_research_data/experian/train/normalized_old/part-00359.parquet
  saved 361/443 normalized -> /home/jag/payment-processor-research/payment_processing_research_data/experian/train/normalized_old/part-00360.parquet
  saved 362/443 normalized -> /home/jag/payment-processor-research/payment_processing_research_data/experian/train/normalized_old/part-00361.parquet
  saved 363/443 normalized -> /home/jag/payment-processor-research/payment_processing_research_data/experian/train/normalized_old/part-00362.parquet
  saved 364/443 normalized -> /home/jag/payment-processor-research/payment_processing_research_data/experian/train/normalized_old/part-00363.parquet
  saved 365/443 normalized -> /home/jag/payment-processor-research/payment_processing_research_data/experian/train/normalized_old/part-00364.parquet
  saved 366/443 normalized -> /home/jag/payment-processor-research/payment_processing_research_data/experian/train/normalized_old/part-00365.parquet
  saved 367/443 normalized -> /home/jag/payment-processor-research/payment_processing_research_data/experian/train/normalized_old/part-00366.parquet
  saved 368/443 normalized -> /home/jag/payment-processor-research/payment_processing_research_data/experian/train/normalized_old/part-00367.parquet
  saved 369/443 normalized -> /home/jag/payment-processor-research/payment_processing_research_data/experian/train/normalized_old/part-00368.parquet
  saved 370/443 normalized -> /home/jag/payment-processor-research/payment_processing_research_data/experian/train/normalized_old/part-00369.parquet
  saved 371/443 normalized -> /home/jag/payment-processor-research/payment_processing_research_data/experian/train/normalized_old/part-00370.parquet
  saved 372/443 normalized -> /home/jag/payment-processor-research/payment_processing_research_data/experian/train/normalized_old/part-00371.parquet
  saved 373/443 normalized -> /home/jag/payment-processor-research/payment_processing_research_data/experian/train/normalized_old/part-00372.parquet
  saved 374/443 normalized -> /home/jag/payment-processor-research/payment_processing_research_data/experian/train/normalized_old/part-00373.parquet
  saved 375/443 normalized -> /home/jag/payment-processor-research/payment_processing_research_data/experian/train/normalized_old/part-00374.parquet
  saved 376/443 normalized -> /home/jag/payment-processor-research/payment_processing_research_data/experian/train/normalized_old/part-00375.parquet
  saved 377/443 normalized -> /home/jag/payment-processor-research/payment_processing_research_data/experian/train/normalized_old/part-00376.parquet
  saved 378/443 normalized -> /home/jag/payment-processor-research/payment_processing_research_data/experian/train/normalized_old/part-00377.parquet
  saved 379/443 normalized -> /home/jag/payment-processor-research/payment_processing_research_data/experian/train/normalized_old/part-00378.parquet
  saved 380/443 normalized -> /home/jag/payment-processor-research/payment_processing_research_data/experian/train/normalized_old/part-00379.parquet
  saved 381/443 normalized -> /home/jag/payment-processor-research/payment_processing_research_data/experian/train/normalized_old/part-00380.parquet
  saved 382/443 normalized -> /home/jag/payment-processor-research/payment_processing_research_data/experian/train/normalized_old/part-00381.parquet
  saved 383/443 normalized -> /home/jag/payment-processor-research/payment_processing_research_data/experian/train/normalized_old/part-00382.parquet
  saved 384/443 normalized -> /home/jag/payment-processor-research/payment_processing_research_data/experian/train/normalized_old/part-00383.parquet
  saved 385/443 normalized -> /home/jag/payment-processor-research/payment_processing_research_data/experian/train/normalized_old/part-00384.parquet
  saved 386/443 normalized -> /home/jag/payment-processor-research/payment_processing_research_data/experian/train/normalized_old/part-00385.parquet
  saved 387/443 normalized -> /home/jag/payment-processor-research/payment_processing_research_data/experian/train/normalized_old/part-00386.parquet
  saved 388/443 normalized -> /home/jag/payment-processor-research/payment_processing_research_data/experian/train/normalized_old/part-00387.parquet
  saved 389/443 normalized -> /home/jag/payment-processor-research/payment_processing_research_data/experian/train/normalized_old/part-00388.parquet
  saved 390/443 normalized -> /home/jag/payment-processor-research/payment_processing_research_data/experian/train/normalized_old/part-00389.parquet
  saved 391/443 normalized -> /home/jag/payment-processor-research/payment_processing_research_data/experian/train/normalized_old/part-00390.parquet
  saved 392/443 normalized -> /home/jag/payment-processor-research/payment_processing_research_data/experian/train/normalized_old/part-00391.parquet
  saved 393/443 normalized -> /home/jag/payment-processor-research/payment_processing_research_data/experian/train/normalized_old/part-00392.parquet
  saved 394/443 normalized -> /home/jag/payment-processor-research/payment_processing_research_data/experian/train/normalized_old/part-00393.parquet
  saved 395/443 normalized -> /home/jag/payment-processor-research/payment_processing_research_data/experian/train/normalized_old/part-00394.parquet
  saved 396/443 normalized -> /home/jag/payment-processor-research/payment_processing_research_data/experian/train/normalized_old/part-00395.parquet
  saved 397/443 normalized -> /home/jag/payment-processor-research/payment_processing_research_data/experian/train/normalized_old/part-00396.parquet
  saved 398/443 normalized -> /home/jag/payment-processor-research/payment_processing_research_data/experian/train/normalized_old/part-00397.parquet
  saved 399/443 normalized -> /home/jag/payment-processor-research/payment_processing_research_data/experian/train/normalized_old/part-00398.parquet
  saved 400/443 normalized -> /home/jag/payment-processor-research/payment_processing_research_data/experian/train/normalized_old/part-00399.parquet
  saved 401/443 normalized -> /home/jag/payment-processor-research/payment_processing_research_data/experian/train/normalized_old/part-00400.parquet
  saved 402/443 normalized -> /home/jag/payment-processor-research/payment_processing_research_data/experian/train/normalized_old/part-00401.parquet
  saved 403/443 normalized -> /home/jag/payment-processor-research/payment_processing_research_data/experian/train/normalized_old/part-00402.parquet
  saved 404/443 normalized -> /home/jag/payment-processor-research/payment_processing_research_data/experian/train/normalized_old/part-00403.parquet
  saved 405/443 normalized -> /home/jag/payment-processor-research/payment_processing_research_data/experian/train/normalized_old/part-00404.parquet
  saved 406/443 normalized -> /home/jag/payment-processor-research/payment_processing_research_data/experian/train/normalized_old/part-00405.parquet
  saved 407/443 normalized -> /home/jag/payment-processor-research/payment_processing_research_data/experian/train/normalized_old/part-00406.parquet
  saved 408/443 normalized -> /home/jag/payment-processor-research/payment_processing_research_data/experian/train/normalized_old/part-00407.parquet
  saved 409/443 normalized -> /home/jag/payment-processor-research/payment_processing_research_data/experian/train/normalized_old/part-00408.parquet
  saved 410/443 normalized -> /home/jag/payment-processor-research/payment_processing_research_data/experian/train/normalized_old/part-00409.parquet
  saved 411/443 normalized -> /home/jag/payment-processor-research/payment_processing_research_data/experian/train/normalized_old/part-00410.parquet
  saved 412/443 normalized -> /home/jag/payment-processor-research/payment_processing_research_data/experian/train/normalized_old/part-00411.parquet
  saved 413/443 normalized -> /home/jag/payment-processor-research/payment_processing_research_data/experian/train/normalized_old/part-00412.parquet
  saved 414/443 normalized -> /home/jag/payment-processor-research/payment_processing_research_data/experian/train/normalized_old/part-00413.parquet
  saved 415/443 normalized -> /home/jag/payment-processor-research/payment_processing_research_data/experian/train/normalized_old/part-00414.parquet
  saved 416/443 normalized -> /home/jag/payment-processor-research/payment_processing_research_data/experian/train/normalized_old/part-00415.parquet
  saved 417/443 normalized -> /home/jag/payment-processor-research/payment_processing_research_data/experian/train/normalized_old/part-00416.parquet
  saved 418/443 normalized -> /home/jag/payment-processor-research/payment_processing_research_data/experian/train/normalized_old/part-00417.parquet
  saved 419/443 normalized -> /home/jag/payment-processor-research/payment_processing_research_data/experian/train/normalized_old/part-00418.parquet
  saved 420/443 normalized -> /home/jag/payment-processor-research/payment_processing_research_data/experian/train/normalized_old/part-00419.parquet
  saved 421/443 normalized -> /home/jag/payment-processor-research/payment_processing_research_data/experian/train/normalized_old/part-00420.parquet
  saved 422/443 normalized -> /home/jag/payment-processor-research/payment_processing_research_data/experian/train/normalized_old/part-00421.parquet
  saved 423/443 normalized -> /home/jag/payment-processor-research/payment_processing_research_data/experian/train/normalized_old/part-00422.parquet
  saved 424/443 normalized -> /home/jag/payment-processor-research/payment_processing_research_data/experian/train/normalized_old/part-00423.parquet
  saved 425/443 normalized -> /home/jag/payment-processor-research/payment_processing_research_data/experian/train/normalized_old/part-00424.parquet
  saved 426/443 normalized -> /home/jag/payment-processor-research/payment_processing_research_data/experian/train/normalized_old/part-00425.parquet
  saved 427/443 normalized -> /home/jag/payment-processor-research/payment_processing_research_data/experian/train/normalized_old/part-00426.parquet
  saved 428/443 normalized -> /home/jag/payment-processor-research/payment_processing_research_data/experian/train/normalized_old/part-00427.parquet
  saved 429/443 normalized -> /home/jag/payment-processor-research/payment_processing_research_data/experian/train/normalized_old/part-00428.parquet
  saved 430/443 normalized -> /home/jag/payment-processor-research/payment_processing_research_data/experian/train/normalized_old/part-00429.parquet
  saved 431/443 normalized -> /home/jag/payment-processor-research/payment_processing_research_data/experian/train/normalized_old/part-00430.parquet
  saved 432/443 normalized -> /home/jag/payment-processor-research/payment_processing_research_data/experian/train/normalized_old/part-00431.parquet
  saved 433/443 normalized -> /home/jag/payment-processor-research/payment_processing_research_data/experian/train/normalized_old/part-00432.parquet
  saved 434/443 normalized -> /home/jag/payment-processor-research/payment_processing_research_data/experian/train/normalized_old/part-00433.parquet
  saved 435/443 normalized -> /home/jag/payment-processor-research/payment_processing_research_data/experian/train/normalized_old/part-00434.parquet
  saved 436/443 normalized -> /home/jag/payment-processor-research/payment_processing_research_data/experian/train/normalized_old/part-00435.parquet
  saved 437/443 normalized -> /home/jag/payment-processor-research/payment_processing_research_data/experian/train/normalized_old/part-00436.parquet
  saved 438/443 normalized -> /home/jag/payment-processor-research/payment_processing_research_data/experian/train/normalized_old/part-00437.parquet
  saved 439/443 normalized -> /home/jag/payment-processor-research/payment_processing_research_data/experian/train/normalized_old/part-00438.parquet
  saved 440/443 normalized -> /home/jag/payment-processor-research/payment_processing_research_data/experian/train/normalized_old/part-00439.parquet
  saved 441/443 normalized -> /home/jag/payment-processor-research/payment_processing_research_data/experian/train/normalized_old/part-00440.parquet
  saved 442/443 normalized -> /home/jag/payment-processor-research/payment_processing_research_data/experian/train/normalized_old/part-00441.parquet
  saved 443/443 normalized -> /home/jag/payment-processor-research/payment_processing_research_data/experian/train/normalized_old/part-00442.parquet
[experian/train]  phase 2: load full normalized, split into 100 ZEST_KEY groups -> /home/jag/payment-processor-research/payment_processing_research_data/experian/train/processed_old
  loaded 40,808,450 normalized rows
  saved group 1/100 processed (22,819 ZEST_KEYs so far) -> /home/jag/payment-processor-research/payment_processing_research_data/experian/train/processed_old/part-000.parquet
  saved group 2/100 processed (45,686 ZEST_KEYs so far) -> /home/jag/payment-processor-research/payment_processing_research_data/experian/train/processed_old/part-001.parquet
  saved group 3/100 processed (68,489 ZEST_KEYs so far) -> /home/jag/payment-processor-research/payment_processing_research_data/experian/train/processed_old/part-002.parquet
  saved group 4/100 processed (91,310 ZEST_KEYs so far) -> /home/jag/payment-processor-research/payment_processing_research_data/experian/train/processed_old/part-003.parquet
  saved group 5/100 processed (114,021 ZEST_KEYs so far) -> /home/jag/payment-processor-research/payment_processing_research_data/experian/train/processed_old/part-004.parquet
  saved group 6/100 processed (136,822 ZEST_KEYs so far) -> /home/jag/payment-processor-research/payment_processing_research_data/experian/train/processed_old/part-005.parquet
  saved group 7/100 processed (159,350 ZEST_KEYs so far) -> /home/jag/payment-processor-research/payment_processing_research_data/experian/train/processed_old/part-006.parquet
  saved group 8/100 processed (182,133 ZEST_KEYs so far) -> /home/jag/payment-processor-research/payment_processing_research_data/experian/train/processed_old/part-007.parquet
  saved group 9/100 processed (204,944 ZEST_KEYs so far) -> /home/jag/payment-processor-research/payment_processing_research_data/experian/train/processed_old/part-008.parquet
  saved group 10/100 processed (227,657 ZEST_KEYs so far) -> /home/jag/payment-processor-research/payment_processing_research_data/experian/train/processed_old/part-009.parquet
  saved group 11/100 processed (250,464 ZEST_KEYs so far) -> /home/jag/payment-processor-research/payment_processing_research_data/experian/train/processed_old/part-010.parquet
  saved group 12/100 processed (273,322 ZEST_KEYs so far) -> /home/jag/payment-processor-research/payment_processing_research_data/experian/train/processed_old/part-011.parquet
  saved group 13/100 processed (296,156 ZEST_KEYs so far) -> /home/jag/payment-processor-research/payment_processing_research_data/experian/train/processed_old/part-012.parquet
  saved group 14/100 processed (319,004 ZEST_KEYs so far) -> /home/jag/payment-processor-research/payment_processing_research_data/experian/train/processed_old/part-013.parquet
  saved group 15/100 processed (341,830 ZEST_KEYs so far) -> /home/jag/payment-processor-research/payment_processing_research_data/experian/train/processed_old/part-014.parquet
  saved group 16/100 processed (364,750 ZEST_KEYs so far) -> /home/jag/payment-processor-research/payment_processing_research_data/experian/train/processed_old/part-015.parquet
  saved group 17/100 processed (387,439 ZEST_KEYs so far) -> /home/jag/payment-processor-research/payment_processing_research_data/experian/train/processed_old/part-016.parquet
  saved group 18/100 processed (410,338 ZEST_KEYs so far) -> /home/jag/payment-processor-research/payment_processing_research_data/experian/train/processed_old/part-017.parquet
  saved group 19/100 processed (433,140 ZEST_KEYs so far) -> /home/jag/payment-processor-research/payment_processing_research_data/experian/train/processed_old/part-018.parquet
  saved group 20/100 processed (455,698 ZEST_KEYs so far) -> /home/jag/payment-processor-research/payment_processing_research_data/experian/train/processed_old/part-019.parquet
  saved group 21/100 processed (478,564 ZEST_KEYs so far) -> /home/jag/payment-processor-research/payment_processing_research_data/experian/train/processed_old/part-020.parquet
  saved group 22/100 processed (501,319 ZEST_KEYs so far) -> /home/jag/payment-processor-research/payment_processing_research_data/experian/train/processed_old/part-021.parquet
  saved group 23/100 processed (524,231 ZEST_KEYs so far) -> /home/jag/payment-processor-research/payment_processing_research_data/experian/train/processed_old/part-022.parquet
  saved group 24/100 processed (547,024 ZEST_KEYs so far) -> /home/jag/payment-processor-research/payment_processing_research_data/experian/train/processed_old/part-023.parquet
  saved group 25/100 processed (569,838 ZEST_KEYs so far) -> /home/jag/payment-processor-research/payment_processing_research_data/experian/train/processed_old/part-024.parquet
  saved group 26/100 processed (592,777 ZEST_KEYs so far) -> /home/jag/payment-processor-research/payment_processing_research_data/experian/train/processed_old/part-025.parquet
  saved group 27/100 processed (615,603 ZEST_KEYs so far) -> /home/jag/payment-processor-research/payment_processing_research_data/experian/train/processed_old/part-026.parquet
  saved group 28/100 processed (638,283 ZEST_KEYs so far) -> /home/jag/payment-processor-research/payment_processing_research_data/experian/train/processed_old/part-027.parquet
  saved group 29/100 processed (661,332 ZEST_KEYs so far) -> /home/jag/payment-processor-research/payment_processing_research_data/experian/train/processed_old/part-028.parquet
  saved group 30/100 processed (684,025 ZEST_KEYs so far) -> /home/jag/payment-processor-research/payment_processing_research_data/experian/train/processed_old/part-029.parquet
  saved group 31/100 processed (707,086 ZEST_KEYs so far) -> /home/jag/payment-processor-research/payment_processing_research_data/experian/train/processed_old/part-030.parquet
  saved group 32/100 processed (729,913 ZEST_KEYs so far) -> /home/jag/payment-processor-research/payment_processing_research_data/experian/train/processed_old/part-031.parquet
  saved group 33/100 processed (752,632 ZEST_KEYs so far) -> /home/jag/payment-processor-research/payment_processing_research_data/experian/train/processed_old/part-032.parquet
  saved group 34/100 processed (775,340 ZEST_KEYs so far) -> /home/jag/payment-processor-research/payment_processing_research_data/experian/train/processed_old/part-033.parquet
  saved group 35/100 processed (798,188 ZEST_KEYs so far) -> /home/jag/payment-processor-research/payment_processing_research_data/experian/train/processed_old/part-034.parquet
  saved group 36/100 processed (820,884 ZEST_KEYs so far) -> /home/jag/payment-processor-research/payment_processing_research_data/experian/train/processed_old/part-035.parquet
  saved group 37/100 processed (843,732 ZEST_KEYs so far) -> /home/jag/payment-processor-research/payment_processing_research_data/experian/train/processed_old/part-036.parquet
  saved group 38/100 processed (866,392 ZEST_KEYs so far) -> /home/jag/payment-processor-research/payment_processing_research_data/experian/train/processed_old/part-037.parquet
  saved group 39/100 processed (889,137 ZEST_KEYs so far) -> /home/jag/payment-processor-research/payment_processing_research_data/experian/train/processed_old/part-038.parquet
  saved group 40/100 processed (912,059 ZEST_KEYs so far) -> /home/jag/payment-processor-research/payment_processing_research_data/experian/train/processed_old/part-039.parquet
  saved group 41/100 processed (935,064 ZEST_KEYs so far) -> /home/jag/payment-processor-research/payment_processing_research_data/experian/train/processed_old/part-040.parquet
  saved group 42/100 processed (957,998 ZEST_KEYs so far) -> /home/jag/payment-processor-research/payment_processing_research_data/experian/train/processed_old/part-041.parquet
  saved group 43/100 processed (980,698 ZEST_KEYs so far) -> /home/jag/payment-processor-research/payment_processing_research_data/experian/train/processed_old/part-042.parquet
  saved group 44/100 processed (1,003,497 ZEST_KEYs so far) -> /home/jag/payment-processor-research/payment_processing_research_data/experian/train/processed_old/part-043.parquet
  saved group 45/100 processed (1,026,402 ZEST_KEYs so far) -> /home/jag/payment-processor-research/payment_processing_research_data/experian/train/processed_old/part-044.parquet
  saved group 46/100 processed (1,049,219 ZEST_KEYs so far) -> /home/jag/payment-processor-research/payment_processing_research_data/experian/train/processed_old/part-045.parquet
  saved group 47/100 processed (1,071,829 ZEST_KEYs so far) -> /home/jag/payment-processor-research/payment_processing_research_data/experian/train/processed_old/part-046.parquet
  saved group 48/100 processed (1,094,611 ZEST_KEYs so far) -> /home/jag/payment-processor-research/payment_processing_research_data/experian/train/processed_old/part-047.parquet
  saved group 49/100 processed (1,117,431 ZEST_KEYs so far) -> /home/jag/payment-processor-research/payment_processing_research_data/experian/train/processed_old/part-048.parquet
  saved group 50/100 processed (1,140,085 ZEST_KEYs so far) -> /home/jag/payment-processor-research/payment_processing_research_data/experian/train/processed_old/part-049.parquet
  saved group 51/100 processed (1,163,033 ZEST_KEYs so far) -> /home/jag/payment-processor-research/payment_processing_research_data/experian/train/processed_old/part-050.parquet
  saved group 52/100 processed (1,185,552 ZEST_KEYs so far) -> /home/jag/payment-processor-research/payment_processing_research_data/experian/train/processed_old/part-051.parquet
  saved group 53/100 processed (1,208,201 ZEST_KEYs so far) -> /home/jag/payment-processor-research/payment_processing_research_data/experian/train/processed_old/part-052.parquet
  saved group 54/100 processed (1,230,872 ZEST_KEYs so far) -> /home/jag/payment-processor-research/payment_processing_research_data/experian/train/processed_old/part-053.parquet
  saved group 55/100 processed (1,253,835 ZEST_KEYs so far) -> /home/jag/payment-processor-research/payment_processing_research_data/experian/train/processed_old/part-054.parquet
  saved group 56/100 processed (1,276,892 ZEST_KEYs so far) -> /home/jag/payment-processor-research/payment_processing_research_data/experian/train/processed_old/part-055.parquet
  saved group 57/100 processed (1,299,674 ZEST_KEYs so far) -> /home/jag/payment-processor-research/payment_processing_research_data/experian/train/processed_old/part-056.parquet
  saved group 58/100 processed (1,322,781 ZEST_KEYs so far) -> /home/jag/payment-processor-research/payment_processing_research_data/experian/train/processed_old/part-057.parquet
  saved group 59/100 processed (1,345,696 ZEST_KEYs so far) -> /home/jag/payment-processor-research/payment_processing_research_data/experian/train/processed_old/part-058.parquet
  saved group 60/100 processed (1,368,328 ZEST_KEYs so far) -> /home/jag/payment-processor-research/payment_processing_research_data/experian/train/processed_old/part-059.parquet
  saved group 61/100 processed (1,391,273 ZEST_KEYs so far) -> /home/jag/payment-processor-research/payment_processing_research_data/experian/train/processed_old/part-060.parquet
  saved group 62/100 processed (1,414,002 ZEST_KEYs so far) -> /home/jag/payment-processor-research/payment_processing_research_data/experian/train/processed_old/part-061.parquet
  saved group 63/100 processed (1,437,252 ZEST_KEYs so far) -> /home/jag/payment-processor-research/payment_processing_research_data/experian/train/processed_old/part-062.parquet
  saved group 64/100 processed (1,460,230 ZEST_KEYs so far) -> /home/jag/payment-processor-research/payment_processing_research_data/experian/train/processed_old/part-063.parquet
  saved group 65/100 processed (1,482,926 ZEST_KEYs so far) -> /home/jag/payment-processor-research/payment_processing_research_data/experian/train/processed_old/part-064.parquet
  saved group 66/100 processed (1,505,978 ZEST_KEYs so far) -> /home/jag/payment-processor-research/payment_processing_research_data/experian/train/processed_old/part-065.parquet
  saved group 67/100 processed (1,528,671 ZEST_KEYs so far) -> /home/jag/payment-processor-research/payment_processing_research_data/experian/train/processed_old/part-066.parquet
  saved group 68/100 processed (1,551,590 ZEST_KEYs so far) -> /home/jag/payment-processor-research/payment_processing_research_data/experian/train/processed_old/part-067.parquet
  saved group 69/100 processed (1,574,203 ZEST_KEYs so far) -> /home/jag/payment-processor-research/payment_processing_research_data/experian/train/processed_old/part-068.parquet
  saved group 70/100 processed (1,597,049 ZEST_KEYs so far) -> /home/jag/payment-processor-research/payment_processing_research_data/experian/train/processed_old/part-069.parquet
  saved group 71/100 processed (1,620,111 ZEST_KEYs so far) -> /home/jag/payment-processor-research/payment_processing_research_data/experian/train/processed_old/part-070.parquet
  saved group 72/100 processed (1,642,765 ZEST_KEYs so far) -> /home/jag/payment-processor-research/payment_processing_research_data/experian/train/processed_old/part-071.parquet
  saved group 73/100 processed (1,665,731 ZEST_KEYs so far) -> /home/jag/payment-processor-research/payment_processing_research_data/experian/train/processed_old/part-072.parquet
  saved group 74/100 processed (1,688,263 ZEST_KEYs so far) -> /home/jag/payment-processor-research/payment_processing_research_data/experian/train/processed_old/part-073.parquet
  saved group 75/100 processed (1,711,063 ZEST_KEYs so far) -> /home/jag/payment-processor-research/payment_processing_research_data/experian/train/processed_old/part-074.parquet
  saved group 76/100 processed (1,733,877 ZEST_KEYs so far) -> /home/jag/payment-processor-research/payment_processing_research_data/experian/train/processed_old/part-075.parquet
  saved group 77/100 processed (1,756,563 ZEST_KEYs so far) -> /home/jag/payment-processor-research/payment_processing_research_data/experian/train/processed_old/part-076.parquet
  saved group 78/100 processed (1,779,475 ZEST_KEYs so far) -> /home/jag/payment-processor-research/payment_processing_research_data/experian/train/processed_old/part-077.parquet
  saved group 79/100 processed (1,802,120 ZEST_KEYs so far) -> /home/jag/payment-processor-research/payment_processing_research_data/experian/train/processed_old/part-078.parquet
  saved group 80/100 processed (1,825,180 ZEST_KEYs so far) -> /home/jag/payment-processor-research/payment_processing_research_data/experian/train/processed_old/part-079.parquet
  saved group 81/100 processed (1,848,248 ZEST_KEYs so far) -> /home/jag/payment-processor-research/payment_processing_research_data/experian/train/processed_old/part-080.parquet
  saved group 82/100 processed (1,871,052 ZEST_KEYs so far) -> /home/jag/payment-processor-research/payment_processing_research_data/experian/train/processed_old/part-081.parquet
  saved group 83/100 processed (1,894,086 ZEST_KEYs so far) -> /home/jag/payment-processor-research/payment_processing_research_data/experian/train/processed_old/part-082.parquet
  saved group 84/100 processed (1,916,864 ZEST_KEYs so far) -> /home/jag/payment-processor-research/payment_processing_research_data/experian/train/processed_old/part-083.parquet
  saved group 85/100 processed (1,939,915 ZEST_KEYs so far) -> /home/jag/payment-processor-research/payment_processing_research_data/experian/train/processed_old/part-084.parquet
  saved group 86/100 processed (1,962,788 ZEST_KEYs so far) -> /home/jag/payment-processor-research/payment_processing_research_data/experian/train/processed_old/part-085.parquet
  saved group 87/100 processed (1,985,484 ZEST_KEYs so far) -> /home/jag/payment-processor-research/payment_processing_research_data/experian/train/processed_old/part-086.parquet
  saved group 88/100 processed (2,008,246 ZEST_KEYs so far) -> /home/jag/payment-processor-research/payment_processing_research_data/experian/train/processed_old/part-087.parquet
  saved group 89/100 processed (2,031,053 ZEST_KEYs so far) -> /home/jag/payment-processor-research/payment_processing_research_data/experian/train/processed_old/part-088.parquet
  saved group 90/100 processed (2,054,007 ZEST_KEYs so far) -> /home/jag/payment-processor-research/payment_processing_research_data/experian/train/processed_old/part-089.parquet
  saved group 91/100 processed (2,077,122 ZEST_KEYs so far) -> /home/jag/payment-processor-research/payment_processing_research_data/experian/train/processed_old/part-090.parquet
  saved group 92/100 processed (2,100,085 ZEST_KEYs so far) -> /home/jag/payment-processor-research/payment_processing_research_data/experian/train/processed_old/part-091.parquet
  saved group 93/100 processed (2,122,955 ZEST_KEYs so far) -> /home/jag/payment-processor-research/payment_processing_research_data/experian/train/processed_old/part-092.parquet
  saved group 94/100 processed (2,145,932 ZEST_KEYs so far) -> /home/jag/payment-processor-research/payment_processing_research_data/experian/train/processed_old/part-093.parquet
  saved group 95/100 processed (2,168,783 ZEST_KEYs so far) -> /home/jag/payment-processor-research/payment_processing_research_data/experian/train/processed_old/part-094.parquet
  saved group 96/100 processed (2,191,551 ZEST_KEYs so far) -> /home/jag/payment-processor-research/payment_processing_research_data/experian/train/processed_old/part-095.parquet
  saved group 97/100 processed (2,214,370 ZEST_KEYs so far) -> /home/jag/payment-processor-research/payment_processing_research_data/experian/train/processed_old/part-096.parquet
  saved group 98/100 processed (2,237,189 ZEST_KEYs so far) -> /home/jag/payment-processor-research/payment_processing_research_data/experian/train/processed_old/part-097.parquet
  saved group 99/100 processed (2,259,999 ZEST_KEYs so far) -> /home/jag/payment-processor-research/payment_processing_research_data/experian/train/processed_old/part-098.parquet
  saved group 100/100 processed (2,283,010 ZEST_KEYs so far) -> /home/jag/payment-processor-research/payment_processing_research_data/experian/train/processed_old/part-099.parquet
[experian/train]  done: 443 normalized chunks, 100 processed groups, 2,283,010 ZEST_KEYs
   normalized -> /home/jag/payment-processor-research/payment_processing_research_data/experian/train/normalized_old
   processed  -> /home/jag/payment-processor-research/payment_processing_research_data/experian/train/processed_old

=== transunion/train ===
[transunion/train]  phase 1: map + preprocess (534 chunks) -> /home/jag/payment-processor-research/payment_processing_research_data/transunion/train/normalized_old
  saved 1/534 normalized -> /home/jag/payment-processor-research/payment_processing_research_data/transunion/train/normalized_old/part-00000.parquet
  saved 2/534 normalized -> /home/jag/payment-processor-research/payment_processing_research_data/transunion/train/normalized_old/part-00001.parquet
  saved 3/534 normalized -> /home/jag/payment-processor-research/payment_processing_research_data/transunion/train/normalized_old/part-00002.parquet
  saved 4/534 normalized -> /home/jag/payment-processor-research/payment_processing_research_data/transunion/train/normalized_old/part-00003.parquet
  saved 5/534 normalized -> /home/jag/payment-processor-research/payment_processing_research_data/transunion/train/normalized_old/part-00004.parquet
  saved 6/534 normalized -> /home/jag/payment-processor-research/payment_processing_research_data/transunion/train/normalized_old/part-00005.parquet
  saved 7/534 normalized -> /home/jag/payment-processor-research/payment_processing_research_data/transunion/train/normalized_old/part-00006.parquet
  saved 8/534 normalized -> /home/jag/payment-processor-research/payment_processing_research_data/transunion/train/normalized_old/part-00007.parquet
  saved 9/534 normalized -> /home/jag/payment-processor-research/payment_processing_research_data/transunion/train/normalized_old/part-00008.parquet
  saved 10/534 normalized -> /home/jag/payment-processor-research/payment_processing_research_data/transunion/train/normalized_old/part-00009.parquet
  saved 11/534 normalized -> /home/jag/payment-processor-research/payment_processing_research_data/transunion/train/normalized_old/part-00010.parquet
  saved 12/534 normalized -> /home/jag/payment-processor-research/payment_processing_research_data/transunion/train/normalized_old/part-00011.parquet
  saved 13/534 normalized -> /home/jag/payment-processor-research/payment_processing_research_data/transunion/train/normalized_old/part-00012.parquet
  saved 14/534 normalized -> /home/jag/payment-processor-research/payment_processing_research_data/transunion/train/normalized_old/part-00013.parquet
  saved 15/534 normalized -> /home/jag/payment-processor-research/payment_processing_research_data/transunion/train/normalized_old/part-00014.parquet
  saved 16/534 normalized -> /home/jag/payment-processor-research/payment_processing_research_data/transunion/train/normalized_old/part-00015.parquet
  saved 17/534 normalized -> /home/jag/payment-processor-research/payment_processing_research_data/transunion/train/normalized_old/part-00016.parquet
  saved 18/534 normalized -> /home/jag/payment-processor-research/payment_processing_research_data/transunion/train/normalized_old/part-00017.parquet
  saved 19/534 normalized -> /home/jag/payment-processor-research/payment_processing_research_data/transunion/train/normalized_old/part-00018.parquet
  saved 20/534 normalized -> /home/jag/payment-processor-research/payment_processing_research_data/transunion/train/normalized_old/part-00019.parquet
  saved 21/534 normalized -> /home/jag/payment-processor-research/payment_processing_research_data/transunion/train/normalized_old/part-00020.parquet
  saved 22/534 normalized -> /home/jag/payment-processor-research/payment_processing_research_data/transunion/train/normalized_old/part-00021.parquet
  saved 23/534 normalized -> /home/jag/payment-processor-research/payment_processing_research_data/transunion/train/normalized_old/part-00022.parquet
  saved 24/534 normalized -> /home/jag/payment-processor-research/payment_processing_research_data/transunion/train/normalized_old/part-00023.parquet
  saved 25/534 normalized -> /home/jag/payment-processor-research/payment_processing_research_data/transunion/train/normalized_old/part-00024.parquet
  saved 26/534 normalized -> /home/jag/payment-processor-research/payment_processing_research_data/transunion/train/normalized_old/part-00025.parquet
  saved 27/534 normalized -> /home/jag/payment-processor-research/payment_processing_research_data/transunion/train/normalized_old/part-00026.parquet
  saved 28/534 normalized -> /home/jag/payment-processor-research/payment_processing_research_data/transunion/train/normalized_old/part-00027.parquet
  saved 29/534 normalized -> /home/jag/payment-processor-research/payment_processing_research_data/transunion/train/normalized_old/part-00028.parquet
  saved 30/534 normalized -> /home/jag/payment-processor-research/payment_processing_research_data/transunion/train/normalized_old/part-00029.parquet
  saved 31/534 normalized -> /home/jag/payment-processor-research/payment_processing_research_data/transunion/train/normalized_old/part-00030.parquet
  saved 32/534 normalized -> /home/jag/payment-processor-research/payment_processing_research_data/transunion/train/normalized_old/part-00031.parquet
  saved 33/534 normalized -> /home/jag/payment-processor-research/payment_processing_research_data/transunion/train/normalized_old/part-00032.parquet
  saved 34/534 normalized -> /home/jag/payment-processor-research/payment_processing_research_data/transunion/train/normalized_old/part-00033.parquet
  saved 35/534 normalized -> /home/jag/payment-processor-research/payment_processing_research_data/transunion/train/normalized_old/part-00034.parquet
  saved 36/534 normalized -> /home/jag/payment-processor-research/payment_processing_research_data/transunion/train/normalized_old/part-00035.parquet
  saved 37/534 normalized -> /home/jag/payment-processor-research/payment_processing_research_data/transunion/train/normalized_old/part-00036.parquet
  saved 38/534 normalized -> /home/jag/payment-processor-research/payment_processing_research_data/transunion/train/normalized_old/part-00037.parquet
  saved 39/534 normalized -> /home/jag/payment-processor-research/payment_processing_research_data/transunion/train/normalized_old/part-00038.parquet
  saved 40/534 normalized -> /home/jag/payment-processor-research/payment_processing_research_data/transunion/train/normalized_old/part-00039.parquet
  saved 41/534 normalized -> /home/jag/payment-processor-research/payment_processing_research_data/transunion/train/normalized_old/part-00040.parquet
  saved 42/534 normalized -> /home/jag/payment-processor-research/payment_processing_research_data/transunion/train/normalized_old/part-00041.parquet
  saved 43/534 normalized -> /home/jag/payment-processor-research/payment_processing_research_data/transunion/train/normalized_old/part-00042.parquet
  saved 44/534 normalized -> /home/jag/payment-processor-research/payment_processing_research_data/transunion/train/normalized_old/part-00043.parquet
  saved 45/534 normalized -> /home/jag/payment-processor-research/payment_processing_research_data/transunion/train/normalized_old/part-00044.parquet
  saved 46/534 normalized -> /home/jag/payment-processor-research/payment_processing_research_data/transunion/train/normalized_old/part-00045.parquet
  saved 47/534 normalized -> /home/jag/payment-processor-research/payment_processing_research_data/transunion/train/normalized_old/part-00046.parquet
  saved 48/534 normalized -> /home/jag/payment-processor-research/payment_processing_research_data/transunion/train/normalized_old/part-00047.parquet
  saved 49/534 normalized -> /home/jag/payment-processor-research/payment_processing_research_data/transunion/train/normalized_old/part-00048.parquet
  saved 50/534 normalized -> /home/jag/payment-processor-research/payment_processing_research_data/transunion/train/normalized_old/part-00049.parquet
  saved 51/534 normalized -> /home/jag/payment-processor-research/payment_processing_research_data/transunion/train/normalized_old/part-00050.parquet
  saved 52/534 normalized -> /home/jag/payment-processor-research/payment_processing_research_data/transunion/train/normalized_old/part-00051.parquet
  saved 53/534 normalized -> /home/jag/payment-processor-research/payment_processing_research_data/transunion/train/normalized_old/part-00052.parquet
  saved 54/534 normalized -> /home/jag/payment-processor-research/payment_processing_research_data/transunion/train/normalized_old/part-00053.parquet
  saved 55/534 normalized -> /home/jag/payment-processor-research/payment_processing_research_data/transunion/train/normalized_old/part-00054.parquet
  saved 56/534 normalized -> /home/jag/payment-processor-research/payment_processing_research_data/transunion/train/normalized_old/part-00055.parquet
  saved 57/534 normalized -> /home/jag/payment-processor-research/payment_processing_research_data/transunion/train/normalized_old/part-00056.parquet
  saved 58/534 normalized -> /home/jag/payment-processor-research/payment_processing_research_data/transunion/train/normalized_old/part-00057.parquet
  saved 59/534 normalized -> /home/jag/payment-processor-research/payment_processing_research_data/transunion/train/normalized_old/part-00058.parquet
  saved 60/534 normalized -> /home/jag/payment-processor-research/payment_processing_research_data/transunion/train/normalized_old/part-00059.parquet
  saved 61/534 normalized -> /home/jag/payment-processor-research/payment_processing_research_data/transunion/train/normalized_old/part-00060.parquet
  saved 62/534 normalized -> /home/jag/payment-processor-research/payment_processing_research_data/transunion/train/normalized_old/part-00061.parquet
  saved 63/534 normalized -> /home/jag/payment-processor-research/payment_processing_research_data/transunion/train/normalized_old/part-00062.parquet
  saved 64/534 normalized -> /home/jag/payment-processor-research/payment_processing_research_data/transunion/train/normalized_old/part-00063.parquet
  saved 65/534 normalized -> /home/jag/payment-processor-research/payment_processing_research_data/transunion/train/normalized_old/part-00064.parquet
  saved 66/534 normalized -> /home/jag/payment-processor-research/payment_processing_research_data/transunion/train/normalized_old/part-00065.parquet
  saved 67/534 normalized -> /home/jag/payment-processor-research/payment_processing_research_data/transunion/train/normalized_old/part-00066.parquet
  saved 68/534 normalized -> /home/jag/payment-processor-research/payment_processing_research_data/transunion/train/normalized_old/part-00067.parquet
  saved 69/534 normalized -> /home/jag/payment-processor-research/payment_processing_research_data/transunion/train/normalized_old/part-00068.parquet
  saved 70/534 normalized -> /home/jag/payment-processor-research/payment_processing_research_data/transunion/train/normalized_old/part-00069.parquet
  saved 71/534 normalized -> /home/jag/payment-processor-research/payment_processing_research_data/transunion/train/normalized_old/part-00070.parquet
  saved 72/534 normalized -> /home/jag/payment-processor-research/payment_processing_research_data/transunion/train/normalized_old/part-00071.parquet
  saved 73/534 normalized -> /home/jag/payment-processor-research/payment_processing_research_data/transunion/train/normalized_old/part-00072.parquet
  saved 74/534 normalized -> /home/jag/payment-processor-research/payment_processing_research_data/transunion/train/normalized_old/part-00073.parquet
  saved 75/534 normalized -> /home/jag/payment-processor-research/payment_processing_research_data/transunion/train/normalized_old/part-00074.parquet
  saved 76/534 normalized -> /home/jag/payment-processor-research/payment_processing_research_data/transunion/train/normalized_old/part-00075.parquet
  saved 77/534 normalized -> /home/jag/payment-processor-research/payment_processing_research_data/transunion/train/normalized_old/part-00076.parquet
  saved 78/534 normalized -> /home/jag/payment-processor-research/payment_processing_research_data/transunion/train/normalized_old/part-00077.parquet
  saved 79/534 normalized -> /home/jag/payment-processor-research/payment_processing_research_data/transunion/train/normalized_old/part-00078.parquet
  saved 80/534 normalized -> /home/jag/payment-processor-research/payment_processing_research_data/transunion/train/normalized_old/part-00079.parquet
  saved 81/534 normalized -> /home/jag/payment-processor-research/payment_processing_research_data/transunion/train/normalized_old/part-00080.parquet
  saved 82/534 normalized -> /home/jag/payment-processor-research/payment_processing_research_data/transunion/train/normalized_old/part-00081.parquet
  saved 83/534 normalized -> /home/jag/payment-processor-research/payment_processing_research_data/transunion/train/normalized_old/part-00082.parquet
  saved 84/534 normalized -> /home/jag/payment-processor-research/payment_processing_research_data/transunion/train/normalized_old/part-00083.parquet
  saved 85/534 normalized -> /home/jag/payment-processor-research/payment_processing_research_data/transunion/train/normalized_old/part-00084.parquet
  saved 86/534 normalized -> /home/jag/payment-processor-research/payment_processing_research_data/transunion/train/normalized_old/part-00085.parquet
  saved 87/534 normalized -> /home/jag/payment-processor-research/payment_processing_research_data/transunion/train/normalized_old/part-00086.parquet
  saved 88/534 normalized -> /home/jag/payment-processor-research/payment_processing_research_data/transunion/train/normalized_old/part-00087.parquet
  saved 89/534 normalized -> /home/jag/payment-processor-research/payment_processing_research_data/transunion/train/normalized_old/part-00088.parquet
  saved 90/534 normalized -> /home/jag/payment-processor-research/payment_processing_research_data/transunion/train/normalized_old/part-00089.parquet
  saved 91/534 normalized -> /home/jag/payment-processor-research/payment_processing_research_data/transunion/train/normalized_old/part-00090.parquet
  saved 92/534 normalized -> /home/jag/payment-processor-research/payment_processing_research_data/transunion/train/normalized_old/part-00091.parquet
  saved 93/534 normalized -> /home/jag/payment-processor-research/payment_processing_research_data/transunion/train/normalized_old/part-00092.parquet
  saved 94/534 normalized -> /home/jag/payment-processor-research/payment_processing_research_data/transunion/train/normalized_old/part-00093.parquet
  saved 95/534 normalized -> /home/jag/payment-processor-research/payment_processing_research_data/transunion/train/normalized_old/part-00094.parquet
  saved 96/534 normalized -> /home/jag/payment-processor-research/payment_processing_research_data/transunion/train/normalized_old/part-00095.parquet
  saved 97/534 normalized -> /home/jag/payment-processor-research/payment_processing_research_data/transunion/train/normalized_old/part-00096.parquet
  saved 98/534 normalized -> /home/jag/payment-processor-research/payment_processing_research_data/transunion/train/normalized_old/part-00097.parquet
  saved 99/534 normalized -> /home/jag/payment-processor-research/payment_processing_research_data/transunion/train/normalized_old/part-00098.parquet
  saved 100/534 normalized -> /home/jag/payment-processor-research/payment_processing_research_data/transunion/train/normalized_old/part-00099.parquet
  saved 101/534 normalized -> /home/jag/payment-processor-research/payment_processing_research_data/transunion/train/normalized_old/part-00100.parquet
  saved 102/534 normalized -> /home/jag/payment-processor-research/payment_processing_research_data/transunion/train/normalized_old/part-00101.parquet
  saved 103/534 normalized -> /home/jag/payment-processor-research/payment_processing_research_data/transunion/train/normalized_old/part-00102.parquet
  saved 104/534 normalized -> /home/jag/payment-processor-research/payment_processing_research_data/transunion/train/normalized_old/part-00103.parquet
  saved 105/534 normalized -> /home/jag/payment-processor-research/payment_processing_research_data/transunion/train/normalized_old/part-00104.parquet
  saved 106/534 normalized -> /home/jag/payment-processor-research/payment_processing_research_data/transunion/train/normalized_old/part-00105.parquet
  saved 107/534 normalized -> /home/jag/payment-processor-research/payment_processing_research_data/transunion/train/normalized_old/part-00106.parquet
  saved 108/534 normalized -> /home/jag/payment-processor-research/payment_processing_research_data/transunion/train/normalized_old/part-00107.parquet
  saved 109/534 normalized -> /home/jag/payment-processor-research/payment_processing_research_data/transunion/train/normalized_old/part-00108.parquet
  saved 110/534 normalized -> /home/jag/payment-processor-research/payment_processing_research_data/transunion/train/normalized_old/part-00109.parquet
  saved 111/534 normalized -> /home/jag/payment-processor-research/payment_processing_research_data/transunion/train/normalized_old/part-00110.parquet
  saved 112/534 normalized -> /home/jag/payment-processor-research/payment_processing_research_data/transunion/train/normalized_old/part-00111.parquet
  saved 113/534 normalized -> /home/jag/payment-processor-research/payment_processing_research_data/transunion/train/normalized_old/part-00112.parquet
  saved 114/534 normalized -> /home/jag/payment-processor-research/payment_processing_research_data/transunion/train/normalized_old/part-00113.parquet
  saved 115/534 normalized -> /home/jag/payment-processor-research/payment_processing_research_data/transunion/train/normalized_old/part-00114.parquet
  saved 116/534 normalized -> /home/jag/payment-processor-research/payment_processing_research_data/transunion/train/normalized_old/part-00115.parquet
  saved 117/534 normalized -> /home/jag/payment-processor-research/payment_processing_research_data/transunion/train/normalized_old/part-00116.parquet
  saved 118/534 normalized -> /home/jag/payment-processor-research/payment_processing_research_data/transunion/train/normalized_old/part-00117.parquet
  saved 119/534 normalized -> /home/jag/payment-processor-research/payment_processing_research_data/transunion/train/normalized_old/part-00118.parquet
  saved 120/534 normalized -> /home/jag/payment-processor-research/payment_processing_research_data/transunion/train/normalized_old/part-00119.parquet
  saved 121/534 normalized -> /home/jag/payment-processor-research/payment_processing_research_data/transunion/train/normalized_old/part-00120.parquet
  saved 122/534 normalized -> /home/jag/payment-processor-research/payment_processing_research_data/transunion/train/normalized_old/part-00121.parquet
  saved 123/534 normalized -> /home/jag/payment-processor-research/payment_processing_research_data/transunion/train/normalized_old/part-00122.parquet
  saved 124/534 normalized -> /home/jag/payment-processor-research/payment_processing_research_data/transunion/train/normalized_old/part-00123.parquet
  saved 125/534 normalized -> /home/jag/payment-processor-research/payment_processing_research_data/transunion/train/normalized_old/part-00124.parquet
  saved 126/534 normalized -> /home/jag/payment-processor-research/payment_processing_research_data/transunion/train/normalized_old/part-00125.parquet
  saved 127/534 normalized -> /home/jag/payment-processor-research/payment_processing_research_data/transunion/train/normalized_old/part-00126.parquet
  saved 128/534 normalized -> /home/jag/payment-processor-research/payment_processing_research_data/transunion/train/normalized_old/part-00127.parquet
  saved 129/534 normalized -> /home/jag/payment-processor-research/payment_processing_research_data/transunion/train/normalized_old/part-00128.parquet
  saved 130/534 normalized -> /home/jag/payment-processor-research/payment_processing_research_data/transunion/train/normalized_old/part-00129.parquet
  saved 131/534 normalized -> /home/jag/payment-processor-research/payment_processing_research_data/transunion/train/normalized_old/part-00130.parquet
  saved 132/534 normalized -> /home/jag/payment-processor-research/payment_processing_research_data/transunion/train/normalized_old/part-00131.parquet
  saved 133/534 normalized -> /home/jag/payment-processor-research/payment_processing_research_data/transunion/train/normalized_old/part-00132.parquet
  saved 134/534 normalized -> /home/jag/payment-processor-research/payment_processing_research_data/transunion/train/normalized_old/part-00133.parquet
  saved 135/534 normalized -> /home/jag/payment-processor-research/payment_processing_research_data/transunion/train/normalized_old/part-00134.parquet
  saved 136/534 normalized -> /home/jag/payment-processor-research/payment_processing_research_data/transunion/train/normalized_old/part-00135.parquet
  saved 137/534 normalized -> /home/jag/payment-processor-research/payment_processing_research_data/transunion/train/normalized_old/part-00136.parquet
  saved 138/534 normalized -> /home/jag/payment-processor-research/payment_processing_research_data/transunion/train/normalized_old/part-00137.parquet
  saved 139/534 normalized -> /home/jag/payment-processor-research/payment_processing_research_data/transunion/train/normalized_old/part-00138.parquet
  saved 140/534 normalized -> /home/jag/payment-processor-research/payment_processing_research_data/transunion/train/normalized_old/part-00139.parquet
  saved 141/534 normalized -> /home/jag/payment-processor-research/payment_processing_research_data/transunion/train/normalized_old/part-00140.parquet
  saved 142/534 normalized -> /home/jag/payment-processor-research/payment_processing_research_data/transunion/train/normalized_old/part-00141.parquet
  saved 143/534 normalized -> /home/jag/payment-processor-research/payment_processing_research_data/transunion/train/normalized_old/part-00142.parquet
  saved 144/534 normalized -> /home/jag/payment-processor-research/payment_processing_research_data/transunion/train/normalized_old/part-00143.parquet
  saved 145/534 normalized -> /home/jag/payment-processor-research/payment_processing_research_data/transunion/train/normalized_old/part-00144.parquet
  saved 146/534 normalized -> /home/jag/payment-processor-research/payment_processing_research_data/transunion/train/normalized_old/part-00145.parquet
  saved 147/534 normalized -> /home/jag/payment-processor-research/payment_processing_research_data/transunion/train/normalized_old/part-00146.parquet
  saved 148/534 normalized -> /home/jag/payment-processor-research/payment_processing_research_data/transunion/train/normalized_old/part-00147.parquet
  saved 149/534 normalized -> /home/jag/payment-processor-research/payment_processing_research_data/transunion/train/normalized_old/part-00148.parquet
  saved 150/534 normalized -> /home/jag/payment-processor-research/payment_processing_research_data/transunion/train/normalized_old/part-00149.parquet
  saved 151/534 normalized -> /home/jag/payment-processor-research/payment_processing_research_data/transunion/train/normalized_old/part-00150.parquet
  saved 152/534 normalized -> /home/jag/payment-processor-research/payment_processing_research_data/transunion/train/normalized_old/part-00151.parquet
  saved 153/534 normalized -> /home/jag/payment-processor-research/payment_processing_research_data/transunion/train/normalized_old/part-00152.parquet
  saved 154/534 normalized -> /home/jag/payment-processor-research/payment_processing_research_data/transunion/train/normalized_old/part-00153.parquet
  saved 155/534 normalized -> /home/jag/payment-processor-research/payment_processing_research_data/transunion/train/normalized_old/part-00154.parquet
  saved 156/534 normalized -> /home/jag/payment-processor-research/payment_processing_research_data/transunion/train/normalized_old/part-00155.parquet
  saved 157/534 normalized -> /home/jag/payment-processor-research/payment_processing_research_data/transunion/train/normalized_old/part-00156.parquet
  saved 158/534 normalized -> /home/jag/payment-processor-research/payment_processing_research_data/transunion/train/normalized_old/part-00157.parquet
  saved 159/534 normalized -> /home/jag/payment-processor-research/payment_processing_research_data/transunion/train/normalized_old/part-00158.parquet
  saved 160/534 normalized -> /home/jag/payment-processor-research/payment_processing_research_data/transunion/train/normalized_old/part-00159.parquet
  saved 161/534 normalized -> /home/jag/payment-processor-research/payment_processing_research_data/transunion/train/normalized_old/part-00160.parquet
  saved 162/534 normalized -> /home/jag/payment-processor-research/payment_processing_research_data/transunion/train/normalized_old/part-00161.parquet
  saved 163/534 normalized -> /home/jag/payment-processor-research/payment_processing_research_data/transunion/train/normalized_old/part-00162.parquet
  saved 164/534 normalized -> /home/jag/payment-processor-research/payment_processing_research_data/transunion/train/normalized_old/part-00163.parquet
  saved 165/534 normalized -> /home/jag/payment-processor-research/payment_processing_research_data/transunion/train/normalized_old/part-00164.parquet
  saved 166/534 normalized -> /home/jag/payment-processor-research/payment_processing_research_data/transunion/train/normalized_old/part-00165.parquet
  saved 167/534 normalized -> /home/jag/payment-processor-research/payment_processing_research_data/transunion/train/normalized_old/part-00166.parquet
  saved 168/534 normalized -> /home/jag/payment-processor-research/payment_processing_research_data/transunion/train/normalized_old/part-00167.parquet
  saved 169/534 normalized -> /home/jag/payment-processor-research/payment_processing_research_data/transunion/train/normalized_old/part-00168.parquet
  saved 170/534 normalized -> /home/jag/payment-processor-research/payment_processing_research_data/transunion/train/normalized_old/part-00169.parquet
  saved 171/534 normalized -> /home/jag/payment-processor-research/payment_processing_research_data/transunion/train/normalized_old/part-00170.parquet
  saved 172/534 normalized -> /home/jag/payment-processor-research/payment_processing_research_data/transunion/train/normalized_old/part-00171.parquet
  saved 173/534 normalized -> /home/jag/payment-processor-research/payment_processing_research_data/transunion/train/normalized_old/part-00172.parquet
  saved 174/534 normalized -> /home/jag/payment-processor-research/payment_processing_research_data/transunion/train/normalized_old/part-00173.parquet
  saved 175/534 normalized -> /home/jag/payment-processor-research/payment_processing_research_data/transunion/train/normalized_old/part-00174.parquet
  saved 176/534 normalized -> /home/jag/payment-processor-research/payment_processing_research_data/transunion/train/normalized_old/part-00175.parquet
  saved 177/534 normalized -> /home/jag/payment-processor-research/payment_processing_research_data/transunion/train/normalized_old/part-00176.parquet
  saved 178/534 normalized -> /home/jag/payment-processor-research/payment_processing_research_data/transunion/train/normalized_old/part-00177.parquet
  saved 179/534 normalized -> /home/jag/payment-processor-research/payment_processing_research_data/transunion/train/normalized_old/part-00178.parquet
  saved 180/534 normalized -> /home/jag/payment-processor-research/payment_processing_research_data/transunion/train/normalized_old/part-00179.parquet
  saved 181/534 normalized -> /home/jag/payment-processor-research/payment_processing_research_data/transunion/train/normalized_old/part-00180.parquet
  saved 182/534 normalized -> /home/jag/payment-processor-research/payment_processing_research_data/transunion/train/normalized_old/part-00181.parquet
  saved 183/534 normalized -> /home/jag/payment-processor-research/payment_processing_research_data/transunion/train/normalized_old/part-00182.parquet
  saved 184/534 normalized -> /home/jag/payment-processor-research/payment_processing_research_data/transunion/train/normalized_old/part-00183.parquet
  saved 185/534 normalized -> /home/jag/payment-processor-research/payment_processing_research_data/transunion/train/normalized_old/part-00184.parquet
  saved 186/534 normalized -> /home/jag/payment-processor-research/payment_processing_research_data/transunion/train/normalized_old/part-00185.parquet
  saved 187/534 normalized -> /home/jag/payment-processor-research/payment_processing_research_data/transunion/train/normalized_old/part-00186.parquet
  saved 188/534 normalized -> /home/jag/payment-processor-research/payment_processing_research_data/transunion/train/normalized_old/part-00187.parquet
  saved 189/534 normalized -> /home/jag/payment-processor-research/payment_processing_research_data/transunion/train/normalized_old/part-00188.parquet
  saved 190/534 normalized -> /home/jag/payment-processor-research/payment_processing_research_data/transunion/train/normalized_old/part-00189.parquet
  saved 191/534 normalized -> /home/jag/payment-processor-research/payment_processing_research_data/transunion/train/normalized_old/part-00190.parquet
  saved 192/534 normalized -> /home/jag/payment-processor-research/payment_processing_research_data/transunion/train/normalized_old/part-00191.parquet
  saved 193/534 normalized -> /home/jag/payment-processor-research/payment_processing_research_data/transunion/train/normalized_old/part-00192.parquet
  saved 194/534 normalized -> /home/jag/payment-processor-research/payment_processing_research_data/transunion/train/normalized_old/part-00193.parquet
  saved 195/534 normalized -> /home/jag/payment-processor-research/payment_processing_research_data/transunion/train/normalized_old/part-00194.parquet
  saved 196/534 normalized -> /home/jag/payment-processor-research/payment_processing_research_data/transunion/train/normalized_old/part-00195.parquet
  saved 197/534 normalized -> /home/jag/payment-processor-research/payment_processing_research_data/transunion/train/normalized_old/part-00196.parquet
  saved 198/534 normalized -> /home/jag/payment-processor-research/payment_processing_research_data/transunion/train/normalized_old/part-00197.parquet
  saved 199/534 normalized -> /home/jag/payment-processor-research/payment_processing_research_data/transunion/train/normalized_old/part-00198.parquet
  saved 200/534 normalized -> /home/jag/payment-processor-research/payment_processing_research_data/transunion/train/normalized_old/part-00199.parquet
  saved 201/534 normalized -> /home/jag/payment-processor-research/payment_processing_research_data/transunion/train/normalized_old/part-00200.parquet
  saved 202/534 normalized -> /home/jag/payment-processor-research/payment_processing_research_data/transunion/train/normalized_old/part-00201.parquet
  saved 203/534 normalized -> /home/jag/payment-processor-research/payment_processing_research_data/transunion/train/normalized_old/part-00202.parquet
  saved 204/534 normalized -> /home/jag/payment-processor-research/payment_processing_research_data/transunion/train/normalized_old/part-00203.parquet
  saved 205/534 normalized -> /home/jag/payment-processor-research/payment_processing_research_data/transunion/train/normalized_old/part-00204.parquet
  saved 206/534 normalized -> /home/jag/payment-processor-research/payment_processing_research_data/transunion/train/normalized_old/part-00205.parquet
  saved 207/534 normalized -> /home/jag/payment-processor-research/payment_processing_research_data/transunion/train/normalized_old/part-00206.parquet
  saved 208/534 normalized -> /home/jag/payment-processor-research/payment_processing_research_data/transunion/train/normalized_old/part-00207.parquet
  saved 209/534 normalized -> /home/jag/payment-processor-research/payment_processing_research_data/transunion/train/normalized_old/part-00208.parquet
  saved 210/534 normalized -> /home/jag/payment-processor-research/payment_processing_research_data/transunion/train/normalized_old/part-00209.parquet
  saved 211/534 normalized -> /home/jag/payment-processor-research/payment_processing_research_data/transunion/train/normalized_old/part-00210.parquet
  saved 212/534 normalized -> /home/jag/payment-processor-research/payment_processing_research_data/transunion/train/normalized_old/part-00211.parquet
  saved 213/534 normalized -> /home/jag/payment-processor-research/payment_processing_research_data/transunion/train/normalized_old/part-00212.parquet
  saved 214/534 normalized -> /home/jag/payment-processor-research/payment_processing_research_data/transunion/train/normalized_old/part-00213.parquet
  saved 215/534 normalized -> /home/jag/payment-processor-research/payment_processing_research_data/transunion/train/normalized_old/part-00214.parquet
  saved 216/534 normalized -> /home/jag/payment-processor-research/payment_processing_research_data/transunion/train/normalized_old/part-00215.parquet
  saved 217/534 normalized -> /home/jag/payment-processor-research/payment_processing_research_data/transunion/train/normalized_old/part-00216.parquet
  saved 218/534 normalized -> /home/jag/payment-processor-research/payment_processing_research_data/transunion/train/normalized_old/part-00217.parquet
  saved 219/534 normalized -> /home/jag/payment-processor-research/payment_processing_research_data/transunion/train/normalized_old/part-00218.parquet
  saved 220/534 normalized -> /home/jag/payment-processor-research/payment_processing_research_data/transunion/train/normalized_old/part-00219.parquet
  saved 221/534 normalized -> /home/jag/payment-processor-research/payment_processing_research_data/transunion/train/normalized_old/part-00220.parquet
  saved 222/534 normalized -> /home/jag/payment-processor-research/payment_processing_research_data/transunion/train/normalized_old/part-00221.parquet
  saved 223/534 normalized -> /home/jag/payment-processor-research/payment_processing_research_data/transunion/train/normalized_old/part-00222.parquet
  saved 224/534 normalized -> /home/jag/payment-processor-research/payment_processing_research_data/transunion/train/normalized_old/part-00223.parquet
  saved 225/534 normalized -> /home/jag/payment-processor-research/payment_processing_research_data/transunion/train/normalized_old/part-00224.parquet
  saved 226/534 normalized -> /home/jag/payment-processor-research/payment_processing_research_data/transunion/train/normalized_old/part-00225.parquet
  saved 227/534 normalized -> /home/jag/payment-processor-research/payment_processing_research_data/transunion/train/normalized_old/part-00226.parquet
  saved 228/534 normalized -> /home/jag/payment-processor-research/payment_processing_research_data/transunion/train/normalized_old/part-00227.parquet
  saved 229/534 normalized -> /home/jag/payment-processor-research/payment_processing_research_data/transunion/train/normalized_old/part-00228.parquet
  saved 230/534 normalized -> /home/jag/payment-processor-research/payment_processing_research_data/transunion/train/normalized_old/part-00229.parquet
  saved 231/534 normalized -> /home/jag/payment-processor-research/payment_processing_research_data/transunion/train/normalized_old/part-00230.parquet
  saved 232/534 normalized -> /home/jag/payment-processor-research/payment_processing_research_data/transunion/train/normalized_old/part-00231.parquet
  saved 233/534 normalized -> /home/jag/payment-processor-research/payment_processing_research_data/transunion/train/normalized_old/part-00232.parquet
  saved 234/534 normalized -> /home/jag/payment-processor-research/payment_processing_research_data/transunion/train/normalized_old/part-00233.parquet
  saved 235/534 normalized -> /home/jag/payment-processor-research/payment_processing_research_data/transunion/train/normalized_old/part-00234.parquet
  saved 236/534 normalized -> /home/jag/payment-processor-research/payment_processing_research_data/transunion/train/normalized_old/part-00235.parquet
  saved 237/534 normalized -> /home/jag/payment-processor-research/payment_processing_research_data/transunion/train/normalized_old/part-00236.parquet
  saved 238/534 normalized -> /home/jag/payment-processor-research/payment_processing_research_data/transunion/train/normalized_old/part-00237.parquet
  saved 239/534 normalized -> /home/jag/payment-processor-research/payment_processing_research_data/transunion/train/normalized_old/part-00238.parquet
  saved 240/534 normalized -> /home/jag/payment-processor-research/payment_processing_research_data/transunion/train/normalized_old/part-00239.parquet
  saved 241/534 normalized -> /home/jag/payment-processor-research/payment_processing_research_data/transunion/train/normalized_old/part-00240.parquet
  saved 242/534 normalized -> /home/jag/payment-processor-research/payment_processing_research_data/transunion/train/normalized_old/part-00241.parquet
  saved 243/534 normalized -> /home/jag/payment-processor-research/payment_processing_research_data/transunion/train/normalized_old/part-00242.parquet
  saved 244/534 normalized -> /home/jag/payment-processor-research/payment_processing_research_data/transunion/train/normalized_old/part-00243.parquet
  saved 245/534 normalized -> /home/jag/payment-processor-research/payment_processing_research_data/transunion/train/normalized_old/part-00244.parquet
  saved 246/534 normalized -> /home/jag/payment-processor-research/payment_processing_research_data/transunion/train/normalized_old/part-00245.parquet
  saved 247/534 normalized -> /home/jag/payment-processor-research/payment_processing_research_data/transunion/train/normalized_old/part-00246.parquet
  saved 248/534 normalized -> /home/jag/payment-processor-research/payment_processing_research_data/transunion/train/normalized_old/part-00247.parquet
  saved 249/534 normalized -> /home/jag/payment-processor-research/payment_processing_research_data/transunion/train/normalized_old/part-00248.parquet
  saved 250/534 normalized -> /home/jag/payment-processor-research/payment_processing_research_data/transunion/train/normalized_old/part-00249.parquet
  saved 251/534 normalized -> /home/jag/payment-processor-research/payment_processing_research_data/transunion/train/normalized_old/part-00250.parquet
  saved 252/534 normalized -> /home/jag/payment-processor-research/payment_processing_research_data/transunion/train/normalized_old/part-00251.parquet
  saved 253/534 normalized -> /home/jag/payment-processor-research/payment_processing_research_data/transunion/train/normalized_old/part-00252.parquet
  saved 254/534 normalized -> /home/jag/payment-processor-research/payment_processing_research_data/transunion/train/normalized_old/part-00253.parquet
  saved 255/534 normalized -> /home/jag/payment-processor-research/payment_processing_research_data/transunion/train/normalized_old/part-00254.parquet
  saved 256/534 normalized -> /home/jag/payment-processor-research/payment_processing_research_data/transunion/train/normalized_old/part-00255.parquet
  saved 257/534 normalized -> /home/jag/payment-processor-research/payment_processing_research_data/transunion/train/normalized_old/part-00256.parquet
  saved 258/534 normalized -> /home/jag/payment-processor-research/payment_processing_research_data/transunion/train/normalized_old/part-00257.parquet
  saved 259/534 normalized -> /home/jag/payment-processor-research/payment_processing_research_data/transunion/train/normalized_old/part-00258.parquet
  saved 260/534 normalized -> /home/jag/payment-processor-research/payment_processing_research_data/transunion/train/normalized_old/part-00259.parquet
  saved 261/534 normalized -> /home/jag/payment-processor-research/payment_processing_research_data/transunion/train/normalized_old/part-00260.parquet
  saved 262/534 normalized -> /home/jag/payment-processor-research/payment_processing_research_data/transunion/train/normalized_old/part-00261.parquet
  saved 263/534 normalized -> /home/jag/payment-processor-research/payment_processing_research_data/transunion/train/normalized_old/part-00262.parquet
  saved 264/534 normalized -> /home/jag/payment-processor-research/payment_processing_research_data/transunion/train/normalized_old/part-00263.parquet
  saved 265/534 normalized -> /home/jag/payment-processor-research/payment_processing_research_data/transunion/train/normalized_old/part-00264.parquet
  saved 266/534 normalized -> /home/jag/payment-processor-research/payment_processing_research_data/transunion/train/normalized_old/part-00265.parquet
  saved 267/534 normalized -> /home/jag/payment-processor-research/payment_processing_research_data/transunion/train/normalized_old/part-00266.parquet
  saved 268/534 normalized -> /home/jag/payment-processor-research/payment_processing_research_data/transunion/train/normalized_old/part-00267.parquet
  saved 269/534 normalized -> /home/jag/payment-processor-research/payment_processing_research_data/transunion/train/normalized_old/part-00268.parquet
  saved 270/534 normalized -> /home/jag/payment-processor-research/payment_processing_research_data/transunion/train/normalized_old/part-00269.parquet
  saved 271/534 normalized -> /home/jag/payment-processor-research/payment_processing_research_data/transunion/train/normalized_old/part-00270.parquet
  saved 272/534 normalized -> /home/jag/payment-processor-research/payment_processing_research_data/transunion/train/normalized_old/part-00271.parquet
  saved 273/534 normalized -> /home/jag/payment-processor-research/payment_processing_research_data/transunion/train/normalized_old/part-00272.parquet
  saved 274/534 normalized -> /home/jag/payment-processor-research/payment_processing_research_data/transunion/train/normalized_old/part-00273.parquet
  saved 275/534 normalized -> /home/jag/payment-processor-research/payment_processing_research_data/transunion/train/normalized_old/part-00274.parquet
  saved 276/534 normalized -> /home/jag/payment-processor-research/payment_processing_research_data/transunion/train/normalized_old/part-00275.parquet
  saved 277/534 normalized -> /home/jag/payment-processor-research/payment_processing_research_data/transunion/train/normalized_old/part-00276.parquet
  saved 278/534 normalized -> /home/jag/payment-processor-research/payment_processing_research_data/transunion/train/normalized_old/part-00277.parquet
  saved 279/534 normalized -> /home/jag/payment-processor-research/payment_processing_research_data/transunion/train/normalized_old/part-00278.parquet
  saved 280/534 normalized -> /home/jag/payment-processor-research/payment_processing_research_data/transunion/train/normalized_old/part-00279.parquet
  saved 281/534 normalized -> /home/jag/payment-processor-research/payment_processing_research_data/transunion/train/normalized_old/part-00280.parquet
  saved 282/534 normalized -> /home/jag/payment-processor-research/payment_processing_research_data/transunion/train/normalized_old/part-00281.parquet
  saved 283/534 normalized -> /home/jag/payment-processor-research/payment_processing_research_data/transunion/train/normalized_old/part-00282.parquet
  saved 284/534 normalized -> /home/jag/payment-processor-research/payment_processing_research_data/transunion/train/normalized_old/part-00283.parquet
  saved 285/534 normalized -> /home/jag/payment-processor-research/payment_processing_research_data/transunion/train/normalized_old/part-00284.parquet
  saved 286/534 normalized -> /home/jag/payment-processor-research/payment_processing_research_data/transunion/train/normalized_old/part-00285.parquet
  saved 287/534 normalized -> /home/jag/payment-processor-research/payment_processing_research_data/transunion/train/normalized_old/part-00286.parquet
  saved 288/534 normalized -> /home/jag/payment-processor-research/payment_processing_research_data/transunion/train/normalized_old/part-00287.parquet
  saved 289/534 normalized -> /home/jag/payment-processor-research/payment_processing_research_data/transunion/train/normalized_old/part-00288.parquet
  saved 290/534 normalized -> /home/jag/payment-processor-research/payment_processing_research_data/transunion/train/normalized_old/part-00289.parquet
  saved 291/534 normalized -> /home/jag/payment-processor-research/payment_processing_research_data/transunion/train/normalized_old/part-00290.parquet
  saved 292/534 normalized -> /home/jag/payment-processor-research/payment_processing_research_data/transunion/train/normalized_old/part-00291.parquet
  saved 293/534 normalized -> /home/jag/payment-processor-research/payment_processing_research_data/transunion/train/normalized_old/part-00292.parquet
  saved 294/534 normalized -> /home/jag/payment-processor-research/payment_processing_research_data/transunion/train/normalized_old/part-00293.parquet
  saved 295/534 normalized -> /home/jag/payment-processor-research/payment_processing_research_data/transunion/train/normalized_old/part-00294.parquet
  saved 296/534 normalized -> /home/jag/payment-processor-research/payment_processing_research_data/transunion/train/normalized_old/part-00295.parquet
  saved 297/534 normalized -> /home/jag/payment-processor-research/payment_processing_research_data/transunion/train/normalized_old/part-00296.parquet
  saved 298/534 normalized -> /home/jag/payment-processor-research/payment_processing_research_data/transunion/train/normalized_old/part-00297.parquet
  saved 299/534 normalized -> /home/jag/payment-processor-research/payment_processing_research_data/transunion/train/normalized_old/part-00298.parquet
  saved 300/534 normalized -> /home/jag/payment-processor-research/payment_processing_research_data/transunion/train/normalized_old/part-00299.parquet
  saved 301/534 normalized -> /home/jag/payment-processor-research/payment_processing_research_data/transunion/train/normalized_old/part-00300.parquet
  saved 302/534 normalized -> /home/jag/payment-processor-research/payment_processing_research_data/transunion/train/normalized_old/part-00301.parquet
  saved 303/534 normalized -> /home/jag/payment-processor-research/payment_processing_research_data/transunion/train/normalized_old/part-00302.parquet
  saved 304/534 normalized -> /home/jag/payment-processor-research/payment_processing_research_data/transunion/train/normalized_old/part-00303.parquet
  saved 305/534 normalized -> /home/jag/payment-processor-research/payment_processing_research_data/transunion/train/normalized_old/part-00304.parquet
  saved 306/534 normalized -> /home/jag/payment-processor-research/payment_processing_research_data/transunion/train/normalized_old/part-00305.parquet
  saved 307/534 normalized -> /home/jag/payment-processor-research/payment_processing_research_data/transunion/train/normalized_old/part-00306.parquet
  saved 308/534 normalized -> /home/jag/payment-processor-research/payment_processing_research_data/transunion/train/normalized_old/part-00307.parquet
  saved 309/534 normalized -> /home/jag/payment-processor-research/payment_processing_research_data/transunion/train/normalized_old/part-00308.parquet
  saved 310/534 normalized -> /home/jag/payment-processor-research/payment_processing_research_data/transunion/train/normalized_old/part-00309.parquet
  saved 311/534 normalized -> /home/jag/payment-processor-research/payment_processing_research_data/transunion/train/normalized_old/part-00310.parquet
  saved 312/534 normalized -> /home/jag/payment-processor-research/payment_processing_research_data/transunion/train/normalized_old/part-00311.parquet
  saved 313/534 normalized -> /home/jag/payment-processor-research/payment_processing_research_data/transunion/train/normalized_old/part-00312.parquet
  saved 314/534 normalized -> /home/jag/payment-processor-research/payment_processing_research_data/transunion/train/normalized_old/part-00313.parquet
  saved 315/534 normalized -> /home/jag/payment-processor-research/payment_processing_research_data/transunion/train/normalized_old/part-00314.parquet
  saved 316/534 normalized -> /home/jag/payment-processor-research/payment_processing_research_data/transunion/train/normalized_old/part-00315.parquet
  saved 317/534 normalized -> /home/jag/payment-processor-research/payment_processing_research_data/transunion/train/normalized_old/part-00316.parquet
  saved 318/534 normalized -> /home/jag/payment-processor-research/payment_processing_research_data/transunion/train/normalized_old/part-00317.parquet
  saved 319/534 normalized -> /home/jag/payment-processor-research/payment_processing_research_data/transunion/train/normalized_old/part-00318.parquet
  saved 320/534 normalized -> /home/jag/payment-processor-research/payment_processing_research_data/transunion/train/normalized_old/part-00319.parquet
  saved 321/534 normalized -> /home/jag/payment-processor-research/payment_processing_research_data/transunion/train/normalized_old/part-00320.parquet
  saved 322/534 normalized -> /home/jag/payment-processor-research/payment_processing_research_data/transunion/train/normalized_old/part-00321.parquet
  saved 323/534 normalized -> /home/jag/payment-processor-research/payment_processing_research_data/transunion/train/normalized_old/part-00322.parquet
  saved 324/534 normalized -> /home/jag/payment-processor-research/payment_processing_research_data/transunion/train/normalized_old/part-00323.parquet
  saved 325/534 normalized -> /home/jag/payment-processor-research/payment_processing_research_data/transunion/train/normalized_old/part-00324.parquet
  saved 326/534 normalized -> /home/jag/payment-processor-research/payment_processing_research_data/transunion/train/normalized_old/part-00325.parquet
  saved 327/534 normalized -> /home/jag/payment-processor-research/payment_processing_research_data/transunion/train/normalized_old/part-00326.parquet
  saved 328/534 normalized -> /home/jag/payment-processor-research/payment_processing_research_data/transunion/train/normalized_old/part-00327.parquet
  saved 329/534 normalized -> /home/jag/payment-processor-research/payment_processing_research_data/transunion/train/normalized_old/part-00328.parquet
  saved 330/534 normalized -> /home/jag/payment-processor-research/payment_processing_research_data/transunion/train/normalized_old/part-00329.parquet
  saved 331/534 normalized -> /home/jag/payment-processor-research/payment_processing_research_data/transunion/train/normalized_old/part-00330.parquet
  saved 332/534 normalized -> /home/jag/payment-processor-research/payment_processing_research_data/transunion/train/normalized_old/part-00331.parquet
  saved 333/534 normalized -> /home/jag/payment-processor-research/payment_processing_research_data/transunion/train/normalized_old/part-00332.parquet
  saved 334/534 normalized -> /home/jag/payment-processor-research/payment_processing_research_data/transunion/train/normalized_old/part-00333.parquet
  saved 335/534 normalized -> /home/jag/payment-processor-research/payment_processing_research_data/transunion/train/normalized_old/part-00334.parquet
  saved 336/534 normalized -> /home/jag/payment-processor-research/payment_processing_research_data/transunion/train/normalized_old/part-00335.parquet
  saved 337/534 normalized -> /home/jag/payment-processor-research/payment_processing_research_data/transunion/train/normalized_old/part-00336.parquet
  saved 338/534 normalized -> /home/jag/payment-processor-research/payment_processing_research_data/transunion/train/normalized_old/part-00337.parquet
  saved 339/534 normalized -> /home/jag/payment-processor-research/payment_processing_research_data/transunion/train/normalized_old/part-00338.parquet
  saved 340/534 normalized -> /home/jag/payment-processor-research/payment_processing_research_data/transunion/train/normalized_old/part-00339.parquet
  saved 341/534 normalized -> /home/jag/payment-processor-research/payment_processing_research_data/transunion/train/normalized_old/part-00340.parquet
  saved 342/534 normalized -> /home/jag/payment-processor-research/payment_processing_research_data/transunion/train/normalized_old/part-00341.parquet
  saved 343/534 normalized -> /home/jag/payment-processor-research/payment_processing_research_data/transunion/train/normalized_old/part-00342.parquet
  saved 344/534 normalized -> /home/jag/payment-processor-research/payment_processing_research_data/transunion/train/normalized_old/part-00343.parquet
  saved 345/534 normalized -> /home/jag/payment-processor-research/payment_processing_research_data/transunion/train/normalized_old/part-00344.parquet
  saved 346/534 normalized -> /home/jag/payment-processor-research/payment_processing_research_data/transunion/train/normalized_old/part-00345.parquet
  saved 347/534 normalized -> /home/jag/payment-processor-research/payment_processing_research_data/transunion/train/normalized_old/part-00346.parquet
  saved 348/534 normalized -> /home/jag/payment-processor-research/payment_processing_research_data/transunion/train/normalized_old/part-00347.parquet
  saved 349/534 normalized -> /home/jag/payment-processor-research/payment_processing_research_data/transunion/train/normalized_old/part-00348.parquet
  saved 350/534 normalized -> /home/jag/payment-processor-research/payment_processing_research_data/transunion/train/normalized_old/part-00349.parquet
  saved 351/534 normalized -> /home/jag/payment-processor-research/payment_processing_research_data/transunion/train/normalized_old/part-00350.parquet
  saved 352/534 normalized -> /home/jag/payment-processor-research/payment_processing_research_data/transunion/train/normalized_old/part-00351.parquet
  saved 353/534 normalized -> /home/jag/payment-processor-research/payment_processing_research_data/transunion/train/normalized_old/part-00352.parquet
  saved 354/534 normalized -> /home/jag/payment-processor-research/payment_processing_research_data/transunion/train/normalized_old/part-00353.parquet
  saved 355/534 normalized -> /home/jag/payment-processor-research/payment_processing_research_data/transunion/train/normalized_old/part-00354.parquet
  saved 356/534 normalized -> /home/jag/payment-processor-research/payment_processing_research_data/transunion/train/normalized_old/part-00355.parquet
  saved 357/534 normalized -> /home/jag/payment-processor-research/payment_processing_research_data/transunion/train/normalized_old/part-00356.parquet
  saved 358/534 normalized -> /home/jag/payment-processor-research/payment_processing_research_data/transunion/train/normalized_old/part-00357.parquet
  saved 359/534 normalized -> /home/jag/payment-processor-research/payment_processing_research_data/transunion/train/normalized_old/part-00358.parquet
  saved 360/534 normalized -> /home/jag/payment-processor-research/payment_processing_research_data/transunion/train/normalized_old/part-00359.parquet
  saved 361/534 normalized -> /home/jag/payment-processor-research/payment_processing_research_data/transunion/train/normalized_old/part-00360.parquet
  saved 362/534 normalized -> /home/jag/payment-processor-research/payment_processing_research_data/transunion/train/normalized_old/part-00361.parquet
  saved 363/534 normalized -> /home/jag/payment-processor-research/payment_processing_research_data/transunion/train/normalized_old/part-00362.parquet
  saved 364/534 normalized -> /home/jag/payment-processor-research/payment_processing_research_data/transunion/train/normalized_old/part-00363.parquet
  saved 365/534 normalized -> /home/jag/payment-processor-research/payment_processing_research_data/transunion/train/normalized_old/part-00364.parquet
  saved 366/534 normalized -> /home/jag/payment-processor-research/payment_processing_research_data/transunion/train/normalized_old/part-00365.parquet
  saved 367/534 normalized -> /home/jag/payment-processor-research/payment_processing_research_data/transunion/train/normalized_old/part-00366.parquet
  saved 368/534 normalized -> /home/jag/payment-processor-research/payment_processing_research_data/transunion/train/normalized_old/part-00367.parquet
  saved 369/534 normalized -> /home/jag/payment-processor-research/payment_processing_research_data/transunion/train/normalized_old/part-00368.parquet
  saved 370/534 normalized -> /home/jag/payment-processor-research/payment_processing_research_data/transunion/train/normalized_old/part-00369.parquet
  saved 371/534 normalized -> /home/jag/payment-processor-research/payment_processing_research_data/transunion/train/normalized_old/part-00370.parquet
  saved 372/534 normalized -> /home/jag/payment-processor-research/payment_processing_research_data/transunion/train/normalized_old/part-00371.parquet
  saved 373/534 normalized -> /home/jag/payment-processor-research/payment_processing_research_data/transunion/train/normalized_old/part-00372.parquet
  saved 374/534 normalized -> /home/jag/payment-processor-research/payment_processing_research_data/transunion/train/normalized_old/part-00373.parquet
  saved 375/534 normalized -> /home/jag/payment-processor-research/payment_processing_research_data/transunion/train/normalized_old/part-00374.parquet
  saved 376/534 normalized -> /home/jag/payment-processor-research/payment_processing_research_data/transunion/train/normalized_old/part-00375.parquet
  saved 377/534 normalized -> /home/jag/payment-processor-research/payment_processing_research_data/transunion/train/normalized_old/part-00376.parquet
  saved 378/534 normalized -> /home/jag/payment-processor-research/payment_processing_research_data/transunion/train/normalized_old/part-00377.parquet
  saved 379/534 normalized -> /home/jag/payment-processor-research/payment_processing_research_data/transunion/train/normalized_old/part-00378.parquet
  saved 380/534 normalized -> /home/jag/payment-processor-research/payment_processing_research_data/transunion/train/normalized_old/part-00379.parquet
  saved 381/534 normalized -> /home/jag/payment-processor-research/payment_processing_research_data/transunion/train/normalized_old/part-00380.parquet
  saved 382/534 normalized -> /home/jag/payment-processor-research/payment_processing_research_data/transunion/train/normalized_old/part-00381.parquet
  saved 383/534 normalized -> /home/jag/payment-processor-research/payment_processing_research_data/transunion/train/normalized_old/part-00382.parquet
  saved 384/534 normalized -> /home/jag/payment-processor-research/payment_processing_research_data/transunion/train/normalized_old/part-00383.parquet
  saved 385/534 normalized -> /home/jag/payment-processor-research/payment_processing_research_data/transunion/train/normalized_old/part-00384.parquet
  saved 386/534 normalized -> /home/jag/payment-processor-research/payment_processing_research_data/transunion/train/normalized_old/part-00385.parquet
  saved 387/534 normalized -> /home/jag/payment-processor-research/payment_processing_research_data/transunion/train/normalized_old/part-00386.parquet
  saved 388/534 normalized -> /home/jag/payment-processor-research/payment_processing_research_data/transunion/train/normalized_old/part-00387.parquet
  saved 389/534 normalized -> /home/jag/payment-processor-research/payment_processing_research_data/transunion/train/normalized_old/part-00388.parquet
  saved 390/534 normalized -> /home/jag/payment-processor-research/payment_processing_research_data/transunion/train/normalized_old/part-00389.parquet
  saved 391/534 normalized -> /home/jag/payment-processor-research/payment_processing_research_data/transunion/train/normalized_old/part-00390.parquet
  saved 392/534 normalized -> /home/jag/payment-processor-research/payment_processing_research_data/transunion/train/normalized_old/part-00391.parquet
  saved 393/534 normalized -> /home/jag/payment-processor-research/payment_processing_research_data/transunion/train/normalized_old/part-00392.parquet
  saved 394/534 normalized -> /home/jag/payment-processor-research/payment_processing_research_data/transunion/train/normalized_old/part-00393.parquet
  saved 395/534 normalized -> /home/jag/payment-processor-research/payment_processing_research_data/transunion/train/normalized_old/part-00394.parquet
  saved 396/534 normalized -> /home/jag/payment-processor-research/payment_processing_research_data/transunion/train/normalized_old/part-00395.parquet
  saved 397/534 normalized -> /home/jag/payment-processor-research/payment_processing_research_data/transunion/train/normalized_old/part-00396.parquet
  saved 398/534 normalized -> /home/jag/payment-processor-research/payment_processing_research_data/transunion/train/normalized_old/part-00397.parquet
  saved 399/534 normalized -> /home/jag/payment-processor-research/payment_processing_research_data/transunion/train/normalized_old/part-00398.parquet
  saved 400/534 normalized -> /home/jag/payment-processor-research/payment_processing_research_data/transunion/train/normalized_old/part-00399.parquet
  saved 401/534 normalized -> /home/jag/payment-processor-research/payment_processing_research_data/transunion/train/normalized_old/part-00400.parquet
  saved 402/534 normalized -> /home/jag/payment-processor-research/payment_processing_research_data/transunion/train/normalized_old/part-00401.parquet
  saved 403/534 normalized -> /home/jag/payment-processor-research/payment_processing_research_data/transunion/train/normalized_old/part-00402.parquet
  saved 404/534 normalized -> /home/jag/payment-processor-research/payment_processing_research_data/transunion/train/normalized_old/part-00403.parquet
  saved 405/534 normalized -> /home/jag/payment-processor-research/payment_processing_research_data/transunion/train/normalized_old/part-00404.parquet
  saved 406/534 normalized -> /home/jag/payment-processor-research/payment_processing_research_data/transunion/train/normalized_old/part-00405.parquet
  saved 407/534 normalized -> /home/jag/payment-processor-research/payment_processing_research_data/transunion/train/normalized_old/part-00406.parquet
  saved 408/534 normalized -> /home/jag/payment-processor-research/payment_processing_research_data/transunion/train/normalized_old/part-00407.parquet
  saved 409/534 normalized -> /home/jag/payment-processor-research/payment_processing_research_data/transunion/train/normalized_old/part-00408.parquet
  saved 410/534 normalized -> /home/jag/payment-processor-research/payment_processing_research_data/transunion/train/normalized_old/part-00409.parquet
  saved 411/534 normalized -> /home/jag/payment-processor-research/payment_processing_research_data/transunion/train/normalized_old/part-00410.parquet
  saved 412/534 normalized -> /home/jag/payment-processor-research/payment_processing_research_data/transunion/train/normalized_old/part-00411.parquet
  saved 413/534 normalized -> /home/jag/payment-processor-research/payment_processing_research_data/transunion/train/normalized_old/part-00412.parquet
  saved 414/534 normalized -> /home/jag/payment-processor-research/payment_processing_research_data/transunion/train/normalized_old/part-00413.parquet
  saved 415/534 normalized -> /home/jag/payment-processor-research/payment_processing_research_data/transunion/train/normalized_old/part-00414.parquet
  saved 416/534 normalized -> /home/jag/payment-processor-research/payment_processing_research_data/transunion/train/normalized_old/part-00415.parquet
  saved 417/534 normalized -> /home/jag/payment-processor-research/payment_processing_research_data/transunion/train/normalized_old/part-00416.parquet
  saved 418/534 normalized -> /home/jag/payment-processor-research/payment_processing_research_data/transunion/train/normalized_old/part-00417.parquet
  saved 419/534 normalized -> /home/jag/payment-processor-research/payment_processing_research_data/transunion/train/normalized_old/part-00418.parquet
  saved 420/534 normalized -> /home/jag/payment-processor-research/payment_processing_research_data/transunion/train/normalized_old/part-00419.parquet
  saved 421/534 normalized -> /home/jag/payment-processor-research/payment_processing_research_data/transunion/train/normalized_old/part-00420.parquet
  saved 422/534 normalized -> /home/jag/payment-processor-research/payment_processing_research_data/transunion/train/normalized_old/part-00421.parquet
  saved 423/534 normalized -> /home/jag/payment-processor-research/payment_processing_research_data/transunion/train/normalized_old/part-00422.parquet
  saved 424/534 normalized -> /home/jag/payment-processor-research/payment_processing_research_data/transunion/train/normalized_old/part-00423.parquet
  saved 425/534 normalized -> /home/jag/payment-processor-research/payment_processing_research_data/transunion/train/normalized_old/part-00424.parquet
  saved 426/534 normalized -> /home/jag/payment-processor-research/payment_processing_research_data/transunion/train/normalized_old/part-00425.parquet
  saved 427/534 normalized -> /home/jag/payment-processor-research/payment_processing_research_data/transunion/train/normalized_old/part-00426.parquet
  saved 428/534 normalized -> /home/jag/payment-processor-research/payment_processing_research_data/transunion/train/normalized_old/part-00427.parquet
  saved 429/534 normalized -> /home/jag/payment-processor-research/payment_processing_research_data/transunion/train/normalized_old/part-00428.parquet
  saved 430/534 normalized -> /home/jag/payment-processor-research/payment_processing_research_data/transunion/train/normalized_old/part-00429.parquet
  saved 431/534 normalized -> /home/jag/payment-processor-research/payment_processing_research_data/transunion/train/normalized_old/part-00430.parquet
  saved 432/534 normalized -> /home/jag/payment-processor-research/payment_processing_research_data/transunion/train/normalized_old/part-00431.parquet
  saved 433/534 normalized -> /home/jag/payment-processor-research/payment_processing_research_data/transunion/train/normalized_old/part-00432.parquet
  saved 434/534 normalized -> /home/jag/payment-processor-research/payment_processing_research_data/transunion/train/normalized_old/part-00433.parquet
  saved 435/534 normalized -> /home/jag/payment-processor-research/payment_processing_research_data/transunion/train/normalized_old/part-00434.parquet
  saved 436/534 normalized -> /home/jag/payment-processor-research/payment_processing_research_data/transunion/train/normalized_old/part-00435.parquet
  saved 437/534 normalized -> /home/jag/payment-processor-research/payment_processing_research_data/transunion/train/normalized_old/part-00436.parquet
  saved 438/534 normalized -> /home/jag/payment-processor-research/payment_processing_research_data/transunion/train/normalized_old/part-00437.parquet
  saved 439/534 normalized -> /home/jag/payment-processor-research/payment_processing_research_data/transunion/train/normalized_old/part-00438.parquet
  saved 440/534 normalized -> /home/jag/payment-processor-research/payment_processing_research_data/transunion/train/normalized_old/part-00439.parquet
  saved 441/534 normalized -> /home/jag/payment-processor-research/payment_processing_research_data/transunion/train/normalized_old/part-00440.parquet
  saved 442/534 normalized -> /home/jag/payment-processor-research/payment_processing_research_data/transunion/train/normalized_old/part-00441.parquet
  saved 443/534 normalized -> /home/jag/payment-processor-research/payment_processing_research_data/transunion/train/normalized_old/part-00442.parquet
  saved 444/534 normalized -> /home/jag/payment-processor-research/payment_processing_research_data/transunion/train/normalized_old/part-00443.parquet
